n_trades,sharpe,total_return_pct,win_rate,profit_factor,max_drawdown_pct,avg_trade_pct,exposure,avg_bars,pair,tf,strategy,cost,period_start,period_end,bars,oos
35,-0.716,-9.06,20.0,0.52,-10.92,-0.285,71.3,15.9,AUDJPY,D1,donchian-breakout,strict,2023-08-01,2026-08-05,781,oos
39,-0.821,-10.25,25.6,0.39,-13.86,-0.274,73.5,14.7,AUDUSD,D1,donchian-breakout,strict,2023-08-02,2026-08-05,780,oos
33,-0.924,-11.04,24.2,0.28,-15.54,-0.394,64.3,15.2,EURCHF,D1,donchian-breakout,strict,2023-08-01,2026-08-05,781,oos
39,-1.061,-11.52,30.8,0.29,-13.75,-0.311,67.0,13.4,EURGBP,D1,donchian-breakout,strict,2023-08-01,2026-08-05,781,oos
37,-0.181,-2.4,37.8,0.86,-8.91,-0.055,73.2,15.5,EURJPY,D1,donchian-breakout,strict,2023-08-01,2026-08-05,781,oos
34,-0.198,-2.46,50.0,0.78,-5.05,-0.075,65.0,14.9,EURUSD,D1,donchian-breakout,strict,2023-08-02,2026-08-05,780,oos
34,-0.588,-7.68,26.5,0.5,-13.37,-0.26,75.9,17.4,GBPJPY,D1,donchian-breakout,strict,2023-08-01,2026-08-05,781,oos
35,-0.42,-5.02,34.3,0.58,-7.78,-0.145,73.7,16.4,GBPUSD,D1,donchian-breakout,strict,2023-08-02,2026-08-05,780,oos
45,-1.449,-16.28,33.3,0.32,-17.13,-0.396,71.8,12.4,NZDUSD,D1,donchian-breakout,strict,2023-08-02,2026-08-05,780,oos
33,0.119,1.24,36.4,1.15,-5.9,0.056,71.7,16.9,USDCAD,D1,donchian-breakout,strict,2023-08-02,2026-08-05,780,oos
30,0.346,4.09,46.7,1.41,-6.33,0.139,70.8,18.4,USDCHF,D1,donchian-breakout,strict,2023-08-02,2026-08-05,780,oos
35,-0.219,-3.2,40.0,0.76,-9.37,-0.118,71.9,16.0,USDJPY,D1,donchian-breakout,strict,2023-08-02,2026-08-05,780,oos
0,0.0,0.0,0.0,0.0,0.0,0.0,0.0,0.0,AUDJPY,H4,harami-pullback,strict,2025-10-02,2026-08-05,1333,oos
0,0.0,0.0,0.0,0.0,0.0,0.0,0.0,0.0,AUDUSD,H4,harami-pullback,strict,2025-10-02,2026-08-05,1337,oos
1,-1.159,-0.84,0.0,0.0,-1.0,-0.842,0.6,8.0,EURCHF,H4,harami-pullback,strict,2025-10-02,2026-08-05,1333,oos
0,0.0,0.0,0.0,0.0,0.0,0.0,0.0,0.0,EURGBP,H4,harami-pullback,strict,2025-10-02,2026-08-05,1334,oos
0,0.0,0.0,0.0,0.0,0.0,0.0,0.0,0.0,EURJPY,H4,harami-pullback,strict,2025-10-02,2026-08-05,1333,oos
0,0.0,0.0,0.0,0.0,0.0,0.0,0.0,0.0,EURUSD,H4,harami-pullback,strict,2025-10-02,2026-08-05,1332,oos
0,0.0,0.0,0.0,0.0,0.0,0.0,0.0,0.0,GBPJPY,H4,harami-pullback,strict,2025-10-02,2026-08-05,1333,oos
0,0.0,0.0,0.0,0.0,0.0,0.0,0.0,0.0,GBPUSD,H4,harami-pullback,strict,2025-10-02,2026-08-05,1332,oos
0,0.0,0.0,0.0,0.0,0.0,0.0,0.0,0.0,NZDUSD,H4,harami-pullback,strict,2025-10-02,2026-08-05,1337,oos
0,0.0,0.0,0.0,0.0,0.0,0.0,0.0,0.0,USDCAD,H4,harami-pullback,strict,2025-10-02,2026-08-05,1337,oos
0,0.0,0.0,0.0,0.0,0.0,0.0,0.0,0.0,USDCHF,H4,harami-pullback,strict,2025-10-02,2026-08-05,1333,oos
0,0.0,0.0,0.0,0.0,0.0,0.0,0.0,0.0,USDJPY,H4,harami-pullback,strict,2025-10-01,2026-08-05,1331,oos
1,1.698,1.23,100.0,,-0.23,1.231,1.0,13.0,AUDJPY,H4,morning-evening-star,strict,2025-10-02,2026-08-05,1333,oos
4,-0.976,-1.26,25.0,0.27,-1.91,-0.314,2.3,7.8,AUDUSD,H4,morning-evening-star,strict,2025-10-02,2026-08-05,1337,oos
0,0.0,0.0,0.0,0.0,0.0,0.0,0.0,0.0,EURCHF,H4,morning-evening-star,strict,2025-10-02,2026-08-05,1333,oos
0,0.0,0.0,0.0,0.0,0.0,0.0,0.0,0.0,EURGBP,H4,morning-evening-star,strict,2025-10-02,2026-08-05,1334,oos
1,1.898,1.85,100.0,,0.0,1.847,0.3,4.0,EURJPY,H4,morning-evening-star,strict,2025-10-02,2026-08-05,1333,oos
5,0.346,0.91,40.0,1.39,-1.81,0.188,2.8,7.4,EURUSD,H4,morning-evening-star,strict,2025-10-02,2026-08-05,1332,oos
0,0.0,0.0,0.0,0.0,0.0,0.0,0.0,0.0,GBPJPY,H4,morning-evening-star,strict,2025-10-02,2026-08-05,1333,oos
0,0.0,0.0,0.0,0.0,0.0,0.0,0.0,0.0,GBPUSD,H4,morning-evening-star,strict,2025-10-02,2026-08-05,1332,oos
1,-0.45,-0.81,0.0,0.0,-2.3,-0.812,0.7,9.0,NZDUSD,H4,morning-evening-star,strict,2025-10-02,2026-08-05,1337,oos
3,-0.725,-0.85,33.3,0.24,-1.51,-0.283,2.4,10.7,USDCAD,H4,morning-evening-star,strict,2025-10-02,2026-08-05,1337,oos
1,-1.633,-0.82,0.0,0.0,-0.82,-0.82,0.3,4.0,USDCHF,H4,morning-evening-star,strict,2025-10-02,2026-08-05,1333,oos
0,0.0,0.0,0.0,0.0,0.0,0.0,0.0,0.0,USDJPY,H4,morning-evening-star,strict,2025-10-01,2026-08-05,1331,oos
16,0.387,0.91,43.8,1.2,-4.12,0.059,1.8,5.9,AUDJPY,H1,pin-bar-reversal,strict,2025-10-02,2026-08-05,5180,oos
77,-2.145,-12.34,33.8,0.61,-17.93,-0.168,7.9,5.3,AUDUSD,H1,pin-bar-reversal,strict,2025-10-02,2026-08-05,5206,oos
34,-3.057,-8.99,23.5,0.27,-11.45,-0.275,4.8,7.3,EURCHF,H1,pin-bar-reversal,strict,2025-10-02,2026-08-05,5180,oos
39,-1.913,-7.65,30.8,0.53,-8.95,-0.202,4.6,6.2,EURGBP,H1,pin-bar-reversal,strict,2025-10-02,2026-08-05,5185,oos
21,-0.562,-1.51,33.3,0.8,-4.71,-0.07,2.2,5.3,EURJPY,H1,pin-bar-reversal,strict,2025-10-02,2026-08-05,5180,oos
198,-2.481,-22.63,36.4,0.68,-27.71,-0.127,21.2,5.5,EURUSD,H1,pin-bar-reversal,strict,2025-10-02,2026-08-05,5177,oos
11,0.103,0.2,36.4,1.07,-2.62,0.021,1.2,5.6,GBPJPY,H1,pin-bar-reversal,strict,2025-10-02,2026-08-05,5180,oos
29,-2.593,-10.1,20.7,0.29,-10.18,-0.364,3.3,5.8,GBPUSD,H1,pin-bar-reversal,strict,2025-10-02,2026-08-05,5177,oos
70,-2.638,-13.71,32.9,0.53,-16.1,-0.208,7.0,5.2,NZDUSD,H1,pin-bar-reversal,strict,2025-10-02,2026-08-05,5204,oos
22,-1.571,-4.41,27.3,0.51,-5.23,-0.203,2.7,6.5,USDCAD,H1,pin-bar-reversal,strict,2025-10-02,2026-08-05,5208,oos
21,-1.437,-4.12,23.8,0.48,-4.54,-0.198,2.7,6.6,USDCHF,H1,pin-bar-reversal,strict,2025-10-02,2026-08-05,5158,oos
11,-0.854,-2.19,27.3,0.56,-2.4,-0.199,1.0,4.5,USDJPY,H1,pin-bar-reversal,strict,2025-10-01,2026-08-05,5143,oos
3,-0.293,-0.86,33.3,0.44,-1.91,-0.286,4.2,11.0,AUDJPY,D1,three-soldiers-crows,strict,2023-08-01,2026-08-05,781,oos
7,-1.207,-5.4,0.0,0.0,-5.69,-0.714,7.3,8.1,AUDUSD,D1,three-soldiers-crows,strict,2023-08-02,2026-08-05,780,oos
4,-0.765,-2.0,0.0,0.0,-2.58,-0.503,5.2,10.2,EURCHF,D1,three-soldiers-crows,strict,2023-08-01,2026-08-05,781,oos
0,0.0,0.0,0.0,0.0,0.0,0.0,0.0,0.0,EURGBP,D1,three-soldiers-crows,strict,2023-08-01,2026-08-05,781,oos
3,-0.242,-0.68,33.3,0.32,-1.74,-0.225,5.2,13.7,EURJPY,D1,three-soldiers-crows,strict,2023-08-01,2026-08-05,781,oos
6,-0.485,-2.09,33.3,0.34,-3.46,-0.349,6.8,8.8,EURUSD,D1,three-soldiers-crows,strict,2023-08-02,2026-08-05,780,oos
7,-0.199,-0.92,42.9,0.64,-2.65,-0.13,11.9,13.3,GBPJPY,D1,three-soldiers-crows,strict,2023-08-01,2026-08-05,781,oos
12,-0.599,-3.47,33.3,0.35,-4.79,-0.292,17.1,11.1,GBPUSD,D1,three-soldiers-crows,strict,2023-08-02,2026-08-05,780,oos
7,-0.46,-1.94,28.6,0.51,-1.94,-0.276,10.3,11.4,NZDUSD,D1,three-soldiers-crows,strict,2023-08-02,2026-08-05,780,oos
2,-0.865,-1.69,0.0,0.0,-1.69,-0.85,0.6,2.5,USDCAD,D1,three-soldiers-crows,strict,2023-08-02,2026-08-05,780,oos
4,0.07,0.22,25.0,1.15,-2.14,0.062,4.2,8.2,USDCHF,D1,three-soldiers-crows,strict,2023-08-02,2026-08-05,780,oos
6,0.029,0.11,66.7,1.07,-2.63,0.02,10.1,13.2,USDJPY,D1,three-soldiers-crows,strict,2023-08-02,2026-08-05,780,oos
1,0.371,0.23,100.0,,-0.25,0.234,14.0,22.0,AUDJPY,W1,carry-trade-major-pairs,strict,2023-08-11,2026-08-07,157,oos
3,-1.173,-1.63,0.0,0.0,-1.81,-0.547,52.9,27.7,AUDUSD,W1,carry-trade-major-pairs,strict,2023-08-11,2026-08-07,157,oos
0,0.0,0.0,0.0,0.0,0.0,0.0,0.0,0.0,EURCHF,W1,carry-trade-major-pairs,strict,2023-08-11,2026-08-07,157,oos
1,-0.143,-0.32,0.0,0.0,-1.17,-0.317,96.8,152.0,EURGBP,W1,carry-trade-major-pairs,strict,2023-08-11,2026-08-07,157,oos
0,0.0,0.0,0.0,0.0,0.0,0.0,0.0,0.0,EURJPY,W1,carry-trade-major-pairs,strict,2023-08-11,2026-08-07,157,oos
2,-0.338,-0.87,0.0,0.0,-2.08,-0.602,82.2,64.5,EURUSD,W1,carry-trade-major-pairs,strict,2023-08-11,2026-08-07,157,oos
1,-0.007,-0.01,0.0,0.0,-0.35,-0.006,14.0,22.0,GBPJPY,W1,carry-trade-major-pairs,strict,2023-08-11,2026-08-07,157,oos
2,-0.161,-0.22,50.0,0.59,-1.13,-0.112,35.0,27.5,GBPUSD,W1,carry-trade-major-pairs,strict,2023-08-11,2026-08-07,157,oos
0,0.0,0.0,0.0,0.0,0.0,0.0,0.0,0.0,NZDUSD,W1,carry-trade-major-pairs,strict,2023-08-11,2026-08-07,157,oos
0,0.0,0.0,0.0,0.0,0.0,0.0,0.0,0.0,USDCAD,W1,carry-trade-major-pairs,strict,2023-08-11,2026-08-07,157,oos
2,0.113,0.15,50.0,1.28,-1.27,0.078,22.3,17.5,USDCHF,W1,carry-trade-major-pairs,strict,2023-08-11,2026-08-07,157,oos
1,-0.035,-0.02,0.0,0.0,-0.5,-0.021,14.0,22.0,USDJPY,W1,carry-trade-major-pairs,strict,2023-08-11,2026-08-07,157,oos
0,0.0,0.0,0.0,0.0,0.0,0.0,0.0,0.0,AUDJPY,H4,central-bank-decision-drift,strict,2025-10-02,2026-08-05,1333,oos
0,0.0,0.0,0.0,0.0,0.0,0.0,0.0,0.0,AUDUSD,H4,central-bank-decision-drift,strict,2025-10-02,2026-08-05,1337,oos
0,0.0,0.0,0.0,0.0,0.0,0.0,0.0,0.0,EURCHF,H4,central-bank-decision-drift,strict,2025-10-02,2026-08-05,1333,oos
0,0.0,0.0,0.0,0.0,0.0,0.0,0.0,0.0,EURGBP,H4,central-bank-decision-drift,strict,2025-10-02,2026-08-05,1334,oos
0,0.0,0.0,0.0,0.0,0.0,0.0,0.0,0.0,EURJPY,H4,central-bank-decision-drift,strict,2025-10-02,2026-08-05,1333,oos
0,0.0,0.0,0.0,0.0,0.0,0.0,0.0,0.0,EURUSD,H4,central-bank-decision-drift,strict,2025-10-02,2026-08-05,1332,oos
0,0.0,0.0,0.0,0.0,0.0,0.0,0.0,0.0,GBPJPY,H4,central-bank-decision-drift,strict,2025-10-02,2026-08-05,1333,oos
0,0.0,0.0,0.0,0.0,0.0,0.0,0.0,0.0,GBPUSD,H4,central-bank-decision-drift,strict,2025-10-02,2026-08-05,1332,oos
0,0.0,0.0,0.0,0.0,0.0,0.0,0.0,0.0,NZDUSD,H4,central-bank-decision-drift,strict,2025-10-02,2026-08-05,1337,oos
0,0.0,0.0,0.0,0.0,0.0,0.0,0.0,0.0,USDCAD,H4,central-bank-decision-drift,strict,2025-10-02,2026-08-05,1337,oos
0,0.0,0.0,0.0,0.0,0.0,0.0,0.0,0.0,USDCHF,H4,central-bank-decision-drift,strict,2025-10-02,2026-08-05,1333,oos
0,0.0,0.0,0.0,0.0,0.0,0.0,0.0,0.0,USDJPY,H4,central-bank-decision-drift,strict,2025-10-01,2026-08-05,1331,oos
14,-0.299,-1.51,42.9,0.59,-3.66,-0.107,10.1,5.6,AUDJPY,D1,commodity-currency-correlation,strict,2023-08-01,2026-08-05,781,oos
11,-0.121,-0.47,45.5,0.82,-2.9,-0.044,7.6,5.4,AUDUSD,D1,commodity-currency-correlation,strict,2023-08-02,2026-08-05,780,oos
0,0.0,0.0,0.0,0.0,0.0,0.0,0.0,0.0,EURCHF,D1,commodity-currency-correlation,strict,2023-08-01,2026-08-05,781,oos
0,0.0,0.0,0.0,0.0,0.0,0.0,0.0,0.0,EURGBP,D1,commodity-currency-correlation,strict,2023-08-01,2026-08-05,781,oos
0,0.0,0.0,0.0,0.0,0.0,0.0,0.0,0.0,EURJPY,D1,commodity-currency-correlation,strict,2023-08-01,2026-08-05,781,oos
0,0.0,0.0,0.0,0.0,0.0,0.0,0.0,0.0,EURUSD,D1,commodity-currency-correlation,strict,2023-08-02,2026-08-05,780,oos
0,0.0,0.0,0.0,0.0,0.0,0.0,0.0,0.0,GBPJPY,D1,commodity-currency-correlation,strict,2023-08-01,2026-08-05,781,oos
0,0.0,0.0,0.0,0.0,0.0,0.0,0.0,0.0,GBPUSD,D1,commodity-currency-correlation,strict,2023-08-02,2026-08-05,780,oos
9,-1.008,-2.87,22.2,0.17,-3.43,-0.321,5.1,4.4,NZDUSD,D1,commodity-currency-correlation,strict,2023-08-02,2026-08-05,780,oos
0,0.0,0.0,0.0,0.0,0.0,0.0,0.0,0.0,USDCAD,D1,commodity-currency-correlation,strict,2023-08-02,2026-08-05,780,oos
0,0.0,0.0,0.0,0.0,0.0,0.0,0.0,0.0,USDCHF,D1,commodity-currency-correlation,strict,2023-08-02,2026-08-05,780,oos
0,0.0,0.0,0.0,0.0,0.0,0.0,0.0,0.0,USDJPY,D1,commodity-currency-correlation,strict,2023-08-02,2026-08-05,780,oos
15,-0.208,-0.81,53.3,0.78,-1.91,-0.053,11.4,5.9,AUDJPY,D1,cpi-surprise-momentum,strict,2023-08-01,2026-08-05,781,oos
15,-0.473,-2.44,26.7,0.49,-3.46,-0.163,11.5,6.0,AUDUSD,D1,cpi-surprise-momentum,strict,2023-08-02,2026-08-05,780,oos
103,-0.668,-7.56,43.7,0.73,-11.64,-0.075,76.8,5.8,EURCHF,D1,cpi-surprise-momentum,strict,2023-08-01,2026-08-05,781,oos
103,-0.91,-10.16,42.7,0.66,-12.27,-0.102,75.4,5.7,EURGBP,D1,cpi-surprise-momentum,strict,2023-08-01,2026-08-05,781,oos
103,-0.867,-9.73,41.7,0.7,-10.38,-0.097,76.7,5.8,EURJPY,D1,cpi-surprise-momentum,strict,2023-08-01,2026-08-05,781,oos
103,-0.429,-5.13,50.5,0.84,-10.59,-0.049,75.4,5.7,EURUSD,D1,cpi-surprise-momentum,strict,2023-08-02,2026-08-05,780,oos
37,-0.491,-3.45,51.4,0.7,-6.71,-0.093,27.3,5.8,GBPJPY,D1,cpi-surprise-momentum,strict,2023-08-01,2026-08-05,781,oos
38,0.132,0.92,55.3,1.09,-3.66,0.027,26.7,5.5,GBPUSD,D1,cpi-surprise-momentum,strict,2023-08-02,2026-08-05,780,oos
15,-0.487,-2.66,40.0,0.46,-4.57,-0.178,11.3,5.9,NZDUSD,D1,cpi-surprise-momentum,strict,2023-08-02,2026-08-05,780,oos
101,-0.241,-2.9,47.5,0.91,-5.04,-0.027,73.7,5.7,USDCAD,D1,cpi-surprise-momentum,strict,2023-08-02,2026-08-05,780,oos
100,0.167,1.75,53.0,1.08,-6.31,0.02,73.8,5.8,USDCHF,D1,cpi-surprise-momentum,strict,2023-08-02,2026-08-05,780,oos
100,-0.522,-6.22,46.0,0.8,-9.37,-0.062,73.7,5.8,USDJPY,D1,cpi-surprise-momentum,strict,2023-08-02,2026-08-05,780,oos
15,-0.25,-1.99,26.7,0.77,-4.64,-0.125,63.8,33.2,AUDJPY,D1,yield-spread-divergence,strict,2023-08-01,2026-08-05,781,oos
12,0.227,1.68,41.7,1.36,-5.28,0.147,69.0,44.8,AUDUSD,D1,yield-spread-divergence,strict,2023-08-02,2026-08-05,780,oos
16,-0.807,-5.07,25.0,0.25,-6.01,-0.323,62.7,30.6,EURCHF,D1,yield-spread-divergence,strict,2023-08-01,2026-08-05,781,oos
12,-0.128,-1.14,33.3,0.8,-3.92,-0.091,58.8,38.2,EURGBP,D1,yield-spread-divergence,strict,2023-08-01,2026-08-05,781,oos
19,-1.126,-7.62,21.1,0.25,-8.25,-0.415,62.2,25.6,EURJPY,D1,yield-spread-divergence,strict,2023-08-01,2026-08-05,781,oos
11,0.577,4.38,63.6,2.38,-2.71,0.397,69.7,49.5,EURUSD,D1,yield-spread-divergence,strict,2023-08-02,2026-08-05,780,oos
19,-1.682,-9.25,21.1,0.1,-9.51,-0.509,54.3,22.3,GBPJPY,D1,yield-spread-divergence,strict,2023-08-01,2026-08-05,781,oos
13,0.032,0.15,38.5,1.04,-3.2,0.016,71.9,43.2,GBPUSD,D1,yield-spread-divergence,strict,2023-08-02,2026-08-05,780,oos
17,0.071,0.43,41.2,1.08,-5.92,0.029,63.5,29.1,NZDUSD,D1,yield-spread-divergence,strict,2023-08-02,2026-08-05,780,oos
13,0.206,1.68,38.5,1.32,-4.28,0.134,65.5,39.3,USDCAD,D1,yield-spread-divergence,strict,2023-08-02,2026-08-05,780,oos
13,0.037,0.18,38.5,1.05,-4.8,0.019,53.8,32.3,USDCHF,D1,yield-spread-divergence,strict,2023-08-02,2026-08-05,780,oos
15,-0.273,-2.6,26.7,0.69,-7.19,-0.17,68.1,35.4,USDJPY,D1,yield-spread-divergence,strict,2023-08-02,2026-08-05,780,oos
123,-2.445,-19.08,44.7,0.64,-19.08,-0.169,15.0,6.3,AUDJPY,H1,bollinger-reversion,strict,2025-10-02,2026-08-05,5180,oos
117,-0.31,-2.84,57.3,0.94,-10.25,-0.022,14.4,6.4,AUDUSD,H1,bollinger-reversion,strict,2025-10-02,2026-08-05,5206,oos
93,-2.133,-12.77,48.4,0.63,-13.77,-0.145,18.1,10.1,EURCHF,H1,bollinger-reversion,strict,2025-10-02,2026-08-05,5180,oos
104,-0.437,-3.36,60.6,0.91,-9.8,-0.03,13.9,6.9,EURGBP,H1,bollinger-reversion,strict,2025-10-02,2026-08-05,5185,oos
118,-0.677,-4.98,53.4,0.89,-6.83,-0.041,13.1,5.8,EURJPY,H1,bollinger-reversion,strict,2025-10-02,2026-08-05,5180,oos
130,-0.704,-6.13,53.1,0.89,-13.0,-0.045,12.1,4.8,EURUSD,H1,bollinger-reversion,strict,2025-10-02,2026-08-05,5177,oos
109,-1.403,-9.92,48.6,0.77,-13.4,-0.093,14.1,6.7,GBPJPY,H1,bollinger-reversion,strict,2025-10-02,2026-08-05,5180,oos
123,0.078,0.26,56.1,1.01,-8.22,0.005,13.3,5.6,GBPUSD,H1,bollinger-reversion,strict,2025-10-02,2026-08-05,5177,oos
124,-2.136,-16.64,50.0,0.68,-18.58,-0.144,12.8,5.4,NZDUSD,H1,bollinger-reversion,strict,2025-10-02,2026-08-05,5204,oos
124,-0.912,-6.73,54.0,0.85,-10.72,-0.054,18.6,7.8,USDCAD,H1,bollinger-reversion,strict,2025-10-02,2026-08-05,5208,oos
120,-1.337,-9.81,52.5,0.79,-16.72,-0.083,14.1,6.0,USDCHF,H1,bollinger-reversion,strict,2025-10-02,2026-08-05,5158,oos
120,-2.844,-19.05,44.2,0.62,-19.42,-0.173,14.1,6.0,USDJPY,H1,bollinger-reversion,strict,2025-10-01,2026-08-05,5143,oos
209,-2.047,-11.78,54.1,0.63,-13.86,-0.059,19.1,4.7,AUDJPY,H1,rsi-2-reversion,strict,2025-10-02,2026-08-05,5180,oos
226,-0.708,-5.15,54.0,0.87,-7.61,-0.022,19.0,4.4,AUDUSD,H1,rsi-2-reversion,strict,2025-10-02,2026-08-05,5206,oos
217,-1.35,-5.41,49.8,0.74,-6.56,-0.025,16.7,4.0,EURCHF,H1,rsi-2-reversion,strict,2025-10-02,2026-08-05,5180,oos
212,-3.251,-17.24,44.3,0.46,-18.49,-0.088,17.0,4.2,EURGBP,H1,rsi-2-reversion,strict,2025-10-02,2026-08-05,5185,oos
223,-0.987,-7.53,61.9,0.78,-8.65,-0.034,19.2,4.5,EURJPY,H1,rsi-2-reversion,strict,2025-10-02,2026-08-05,5180,oos
238,0.88,6.18,59.7,1.24,-5.72,0.026,19.6,4.3,EURUSD,H1,rsi-2-reversion,strict,2025-10-02,2026-08-05,5177,oos
207,-1.994,-10.74,58.0,0.67,-11.21,-0.053,18.4,4.6,GBPJPY,H1,rsi-2-reversion,strict,2025-10-02,2026-08-05,5180,oos
224,0.612,3.87,59.4,1.14,-7.0,0.018,19.2,4.4,GBPUSD,H1,rsi-2-reversion,strict,2025-10-02,2026-08-05,5177,oos
215,-1.216,-8.7,51.6,0.75,-11.81,-0.042,18.2,4.4,NZDUSD,H1,rsi-2-reversion,strict,2025-10-02,2026-08-05,5204,oos
217,0.452,1.82,64.1,1.11,-3.36,0.009,16.8,4.0,USDCAD,H1,rsi-2-reversion,strict,2025-10-02,2026-08-05,5208,oos
229,-1.043,-6.48,60.7,0.79,-12.71,-0.029,18.8,4.2,USDCHF,H1,rsi-2-reversion,strict,2025-10-02,2026-08-05,5158,oos
215,-0.672,-4.64,68.4,0.86,-8.58,-0.021,18.3,4.4,USDJPY,H1,rsi-2-reversion,strict,2025-10-01,2026-08-05,5143,oos
30,1.15,6.51,50.0,1.97,-2.89,0.215,25.2,11.2,AUDJPY,H4,macd-momentum-cross,strict,2025-10-02,2026-08-05,1333,oos
29,-1.874,-8.7,27.6,0.33,-8.84,-0.317,16.1,7.4,AUDUSD,H4,macd-momentum-cross,strict,2025-10-02,2026-08-05,1337,oos
35,-0.928,-3.97,37.1,0.6,-6.74,-0.119,24.8,9.5,EURCHF,H4,macd-momentum-cross,strict,2025-10-02,2026-08-05,1333,oos
33,-1.515,-6.65,18.2,0.49,-7.98,-0.203,20.2,8.2,EURGBP,H4,macd-momentum-cross,strict,2025-10-02,2026-08-05,1334,oos
26,-0.818,-4.14,26.9,0.69,-7.3,-0.156,20.7,10.6,EURJPY,H4,macd-momentum-cross,strict,2025-10-02,2026-08-05,1333,oos
25,0.135,0.57,44.0,1.07,-5.3,0.03,19.1,10.2,EURUSD,H4,macd-momentum-cross,strict,2025-10-02,2026-08-05,1332,oos
30,-1.28,-5.98,33.3,0.49,-8.96,-0.203,21.1,9.4,GBPJPY,H4,macd-momentum-cross,strict,2025-10-02,2026-08-05,1333,oos
29,-0.224,-1.33,24.1,0.93,-8.57,-0.037,19.8,9.1,GBPUSD,H4,macd-momentum-cross,strict,2025-10-02,2026-08-05,1332,oos
29,-1.854,-9.45,24.1,0.41,-10.12,-0.338,18.2,8.4,NZDUSD,H4,macd-momentum-cross,strict,2025-10-02,2026-08-05,1337,oos
43,-0.915,-4.47,32.6,0.71,-7.36,-0.103,28.2,8.8,USDCAD,H4,macd-momentum-cross,strict,2025-10-02,2026-08-05,1337,oos
22,-0.432,-2.33,27.3,0.78,-5.57,-0.1,16.6,10.0,USDCHF,H4,macd-momentum-cross,strict,2025-10-02,2026-08-05,1333,oos
24,1.345,8.9,41.7,1.96,-6.7,0.37,25.6,14.2,USDJPY,H4,macd-momentum-cross,strict,2025-10-01,2026-08-05,1331,oos
26,1.842,10.47,53.8,2.03,-4.09,0.391,16.7,8.6,AUDJPY,H4,engulfing-with-trend-filter,strict,2025-10-02,2026-08-05,1333,oos
33,-0.651,-4.27,39.4,0.76,-7.15,-0.126,19.0,7.7,AUDUSD,H4,engulfing-with-trend-filter,strict,2025-10-02,2026-08-05,1337,oos
16,0.464,1.64,56.2,1.29,-2.34,0.107,12.1,10.1,EURCHF,H4,engulfing-with-trend-filter,strict,2025-10-02,2026-08-05,1333,oos
19,-1.564,-6.9,26.3,0.47,-9.97,-0.37,10.9,7.6,EURGBP,H4,engulfing-with-trend-filter,strict,2025-10-02,2026-08-05,1334,oos
32,-0.135,-0.99,34.4,0.96,-11.79,-0.023,18.8,7.8,EURJPY,H4,engulfing-with-trend-filter,strict,2025-10-02,2026-08-05,1333,oos
24,-2.394,-10.85,25.0,0.33,-11.46,-0.473,13.4,7.5,EURUSD,H4,engulfing-with-trend-filter,strict,2025-10-02,2026-08-05,1332,oos
25,-0.507,-2.79,40.0,0.82,-10.15,-0.106,14.6,7.8,GBPJPY,H4,engulfing-with-trend-filter,strict,2025-10-02,2026-08-05,1333,oos
34,-0.313,-2.32,32.4,0.89,-10.15,-0.062,16.6,6.5,GBPUSD,H4,engulfing-with-trend-filter,strict,2025-10-02,2026-08-05,1332,oos
25,0.461,2.54,44.0,1.21,-6.62,0.108,14.8,7.9,NZDUSD,H4,engulfing-with-trend-filter,strict,2025-10-02,2026-08-05,1337,oos
22,-0.629,-3.24,36.4,0.76,-7.15,-0.143,11.3,6.9,USDCAD,H4,engulfing-with-trend-filter,strict,2025-10-02,2026-08-05,1337,oos
25,0.179,0.74,36.0,1.07,-4.61,0.037,13.8,7.4,USDCHF,H4,engulfing-with-trend-filter,strict,2025-10-02,2026-08-05,1333,oos
36,0.431,2.8,44.4,1.18,-7.51,0.084,24.3,9.0,USDJPY,H4,engulfing-with-trend-filter,strict,2025-10-01,2026-08-05,1331,oos
270,-28.234,-63.98,26.3,0.25,-64.67,-0.375,37.5,2.4,AUDJPY,M15,asian-range-breakout,strict,2026-07-10,2026-08-05,1692,oos
255,-23.045,-72.58,27.1,0.31,-73.01,-0.499,42.2,2.8,AUDUSD,M15,asian-range-breakout,strict,2026-07-10,2026-08-05,1692,oos
277,-37.204,-66.91,19.5,0.14,-66.91,-0.397,56.6,3.5,EURCHF,M15,asian-range-breakout,strict,2026-07-10,2026-08-05,1692,oos
319,-48.32,-91.18,16.9,0.08,-91.28,-0.755,53.3,2.8,EURGBP,M15,asian-range-breakout,strict,2026-07-10,2026-08-05,1692,oos
235,-18.442,-50.79,30.2,0.36,-51.45,-0.297,37.4,2.7,EURJPY,M15,asian-range-breakout,strict,2026-07-10,2026-08-05,1692,oos
236,-19.972,-62.71,32.6,0.38,-64.0,-0.411,37.6,2.7,EURUSD,M15,asian-range-breakout,strict,2026-07-10,2026-08-05,1692,oos
277,-13.771,-43.61,35.7,0.52,-46.53,-0.202,49.4,3.0,GBPJPY,M15,asian-range-breakout,strict,2026-07-10,2026-08-05,1692,oos
328,-16.712,-58.14,36.6,0.52,-58.91,-0.26,52.0,2.7,GBPUSD,M15,asian-range-breakout,strict,2026-07-10,2026-08-05,1692,oos
259,-28.063,-78.25,24.7,0.27,-78.62,-0.58,36.6,2.4,NZDUSD,M15,asian-range-breakout,strict,2026-07-10,2026-08-05,1692,oos
253,-24.714,-53.57,30.0,0.3,-53.9,-0.301,47.4,3.2,USDCAD,M15,asian-range-breakout,strict,2026-07-10,2026-08-05,1691,oos
312,-29.123,-73.12,30.4,0.28,-73.46,-0.417,54.0,2.9,USDCHF,M15,asian-range-breakout,strict,2026-07-10,2026-08-05,1686,oos
223,-18.382,-51.08,30.5,0.36,-51.08,-0.316,33.8,2.6,USDJPY,M15,asian-range-breakout,strict,2026-07-10,2026-08-05,1687,oos
31,-1.649,-12.49,25.8,0.37,-12.5,-0.424,5.9,9.9,AUDJPY,H1,friday-position-unwind,strict,2025-10-02,2026-08-05,5180,oos
29,-1.484,-12.8,27.6,0.4,-12.8,-0.464,6.2,11.1,AUDUSD,H1,friday-position-unwind,strict,2025-10-02,2026-08-05,5206,oos
27,-1.894,-10.28,25.9,0.37,-14.22,-0.395,6.3,12.1,EURCHF,H1,friday-position-unwind,strict,2025-10-02,2026-08-05,5180,oos
26,0.306,1.48,38.5,1.16,-9.15,0.074,4.9,9.8,EURGBP,H1,friday-position-unwind,strict,2025-10-02,2026-08-05,5185,oos
45,-2.205,-20.77,33.3,0.33,-24.31,-0.505,8.1,9.3,EURJPY,H1,friday-position-unwind,strict,2025-10-02,2026-08-05,5180,oos
32,-0.489,-3.74,37.5,0.82,-9.02,-0.11,3.5,5.7,EURUSD,H1,friday-position-unwind,strict,2025-10-02,2026-08-05,5177,oos
38,0.836,7.13,36.8,1.42,-6.06,0.209,6.5,8.8,GBPJPY,H1,friday-position-unwind,strict,2025-10-02,2026-08-05,5180,oos
35,-0.482,-4.59,31.4,0.8,-7.93,-0.126,5.7,8.4,GBPUSD,H1,friday-position-unwind,strict,2025-10-02,2026-08-05,5177,oos
23,0.496,4.77,26.1,1.4,-13.34,0.288,7.1,16.0,NZDUSD,H1,friday-position-unwind,strict,2025-10-02,2026-08-05,5204,oos
54,-0.686,-6.55,35.2,0.75,-12.85,-0.12,11.6,11.1,USDCAD,H1,friday-position-unwind,strict,2025-10-02,2026-08-05,5208,oos
36,-1.883,-12.08,27.8,0.48,-13.23,-0.351,3.6,5.2,USDCHF,H1,friday-position-unwind,strict,2025-10-02,2026-08-05,5158,oos
27,-0.647,-5.64,25.9,0.71,-12.82,-0.204,8.0,15.3,USDJPY,H1,friday-position-unwind,strict,2025-10-01,2026-08-05,5143,oos
253,-25.667,-46.2,28.1,0.29,-46.28,-0.243,31.5,2.1,AUDJPY,M15,london-ny-overlap-momentum,strict,2026-07-10,2026-08-05,1692,oos
230,-28.781,-64.34,22.6,0.22,-64.67,-0.444,29.8,2.2,AUDUSD,M15,london-ny-overlap-momentum,strict,2026-07-10,2026-08-05,1692,oos
269,-40.985,-47.05,20.1,0.11,-47.1,-0.236,36.5,2.3,EURCHF,M15,london-ny-overlap-momentum,strict,2026-07-10,2026-08-05,1692,oos
250,-38.164,-63.14,19.2,0.13,-63.14,-0.397,32.3,2.2,EURGBP,M15,london-ny-overlap-momentum,strict,2026-07-10,2026-08-05,1692,oos
257,-23.441,-44.14,29.2,0.31,-44.14,-0.225,32.1,2.1,EURJPY,M15,london-ny-overlap-momentum,strict,2026-07-10,2026-08-05,1692,oos
234,-22.409,-49.31,31.6,0.34,-49.88,-0.287,29.3,2.1,EURUSD,M15,london-ny-overlap-momentum,strict,2026-07-10,2026-08-05,1692,oos
256,-13.364,-26.64,36.3,0.54,-27.18,-0.119,31.9,2.1,GBPJPY,M15,london-ny-overlap-momentum,strict,2026-07-10,2026-08-05,1692,oos
246,-16.526,-38.21,34.1,0.48,-42.05,-0.193,31.4,2.2,GBPUSD,M15,london-ny-overlap-momentum,strict,2026-07-10,2026-08-05,1692,oos
240,-31.025,-65.14,20.8,0.22,-65.14,-0.435,30.6,2.2,NZDUSD,M15,london-ny-overlap-momentum,strict,2026-07-10,2026-08-05,1692,oos
256,-27.399,-40.27,30.5,0.28,-40.61,-0.2,32.2,2.1,USDCAD,M15,london-ny-overlap-momentum,strict,2026-07-10,2026-08-05,1691,oos
253,-24.005,-45.11,33.6,0.34,-45.44,-0.235,32.0,2.1,USDCHF,M15,london-ny-overlap-momentum,strict,2026-07-10,2026-08-05,1686,oos
260,-19.819,-39.82,31.9,0.38,-39.82,-0.193,32.0,2.1,USDJPY,M15,london-ny-overlap-momentum,strict,2026-07-10,2026-08-05,1687,oos
11,-0.914,-0.9,27.3,0.8,-3.45,-0.077,1.3,2.0,AUDJPY,M15,london-open-range-breakout,strict,2026-07-10,2026-08-05,1692,oos
7,-7.446,-4.55,0.0,0.0,-4.55,-0.662,0.8,2.0,AUDUSD,M15,london-open-range-breakout,strict,2026-07-10,2026-08-05,1692,oos
12,-10.215,-5.51,8.3,0.0,-5.59,-0.47,1.4,2.0,EURCHF,M15,london-open-range-breakout,strict,2026-07-10,2026-08-05,1692,oos
13,-6.363,-7.57,23.1,0.16,-8.28,-0.6,1.5,2.0,EURGBP,M15,london-open-range-breakout,strict,2026-07-10,2026-08-05,1692,oos
11,-2.892,-2.8,54.5,0.49,-5.76,-0.254,1.3,2.0,EURJPY,M15,london-open-range-breakout,strict,2026-07-10,2026-08-05,1692,oos
8,-6.034,-4.55,50.0,0.17,-5.26,-0.576,0.9,2.0,EURUSD,M15,london-open-range-breakout,strict,2026-07-10,2026-08-05,1692,oos
11,-1.821,-1.34,45.5,0.53,-2.1,-0.121,1.3,2.0,GBPJPY,M15,london-open-range-breakout,strict,2026-07-10,2026-08-05,1692,oos
7,-5.867,-3.39,28.6,0.17,-3.39,-0.49,0.8,2.0,GBPUSD,M15,london-open-range-breakout,strict,2026-07-10,2026-08-05,1692,oos
10,-6.251,-5.35,10.0,0.3,-5.35,-0.542,1.2,2.0,NZDUSD,M15,london-open-range-breakout,strict,2026-07-10,2026-08-05,1692,oos
12,-8.211,-5.1,16.7,0.06,-5.1,-0.434,1.4,2.0,USDCAD,M15,london-open-range-breakout,strict,2026-07-10,2026-08-05,1691,oos
9,-7.285,-6.45,22.2,0.2,-6.45,-0.733,1.1,2.0,USDCHF,M15,london-open-range-breakout,strict,2026-07-10,2026-08-05,1686,oos
6,0.221,0.15,33.3,1.06,-2.19,0.035,0.7,2.0,USDJPY,M15,london-open-range-breakout,strict,2026-07-10,2026-08-05,1687,oos
1,0.83,6.51,0.0,0.0,-2.06,-1.009,0.6,5.0,AUDJPY,D1,sma-cross-50-200,strict,2023-08-01,2026-08-05,781,oos
1,0.327,2.36,0.0,0.0,-2.51,-1.033,1.7,13.0,AUDUSD,D1,sma-cross-50-200,strict,2023-08-02,2026-08-05,780,oos
3,-0.206,-1.37,0.0,0.0,-3.31,-0.545,60.2,156.7,EURCHF,D1,sma-cross-50-200,strict,2023-08-01,2026-08-05,781,oos
2,-1.077,-2.08,0.0,0.0,-2.08,-1.044,3.3,13.0,EURGBP,D1,sma-cross-50-200,strict,2023-08-01,2026-08-05,781,oos
1,0.662,3.66,0.0,0.0,-1.52,-1.009,0.9,7.0,EURJPY,D1,sma-cross-50-200,strict,2023-08-01,2026-08-05,781,oos
3,-0.731,-3.13,0.0,0.0,-3.34,-1.055,15.0,39.0,EURUSD,D1,sma-cross-50-200,strict,2023-08-02,2026-08-05,780,oos
1,0.398,2.46,0.0,0.0,-1.74,-1.014,2.9,23.0,GBPJPY,D1,sma-cross-50-200,strict,2023-08-01,2026-08-05,781,oos
5,-0.878,-4.25,0.0,0.0,-4.52,-0.864,27.8,43.4,GBPUSD,D1,sma-cross-50-200,strict,2023-08-02,2026-08-05,780,oos
8,-1.128,-8.34,0.0,0.0,-8.78,-1.082,33.8,33.0,NZDUSD,D1,sma-cross-50-200,strict,2023-08-02,2026-08-05,780,oos
5,-0.519,-5.5,0.0,0.0,-10.64,-1.125,39.5,61.6,USDCAD,D1,sma-cross-50-200,strict,2023-08-02,2026-08-05,780,oos
3,-0.23,-1.27,33.3,0.24,-3.07,-0.547,52.4,136.3,USDCHF,D1,sma-cross-50-200,strict,2023-08-02,2026-08-05,780,oos
3,-0.086,-0.84,0.0,0.0,-3.42,-0.826,21.3,55.3,USDJPY,D1,sma-cross-50-200,strict,2023-08-02,2026-08-05,780,oos
36,-1.268,-7.01,38.9,0.64,-10.05,-0.206,20.6,7.6,AUDJPY,H4,nr7-squeeze-breakout,strict,2025-10-02,2026-08-05,1333,oos
35,-1.235,-8.65,28.6,0.62,-8.92,-0.251,18.2,6.9,AUDUSD,H4,nr7-squeeze-breakout,strict,2025-10-02,2026-08-05,1337,oos
10,-0.391,-1.17,40.0,0.77,-3.93,-0.113,6.8,9.0,EURCHF,H4,nr7-squeeze-breakout,strict,2025-10-02,2026-08-05,1333,oos
19,-1.361,-6.21,31.6,0.51,-9.15,-0.33,11.1,7.8,EURGBP,H4,nr7-squeeze-breakout,strict,2025-10-02,2026-08-05,1334,oos
29,0.755,4.49,55.2,1.36,-4.25,0.15,20.0,9.2,EURJPY,H4,nr7-squeeze-breakout,strict,2025-10-02,2026-08-05,1333,oos
33,-3.358,-18.76,15.2,0.18,-19.34,-0.625,17.9,7.2,EURUSD,H4,nr7-squeeze-breakout,strict,2025-10-02,2026-08-05,1332,oos
30,-1.744,-9.65,30.0,0.5,-12.03,-0.337,18.6,8.3,GBPJPY,H4,nr7-squeeze-breakout,strict,2025-10-02,2026-08-05,1333,oos
38,0.438,3.41,44.7,1.2,-12.45,0.097,25.0,8.8,GBPUSD,H4,nr7-squeeze-breakout,strict,2025-10-02,2026-08-05,1332,oos
33,0.251,1.49,48.5,1.11,-6.63,0.052,19.9,8.1,NZDUSD,H4,nr7-squeeze-breakout,strict,2025-10-02,2026-08-05,1337,oos
23,-0.687,-3.34,34.8,0.74,-6.33,-0.142,14.4,8.3,USDCAD,H4,nr7-squeeze-breakout,strict,2025-10-02,2026-08-05,1337,oos
35,-1.687,-10.95,34.3,0.53,-13.13,-0.325,19.9,7.6,USDCHF,H4,nr7-squeeze-breakout,strict,2025-10-02,2026-08-05,1333,oos
30,0.723,3.98,46.7,1.3,-7.09,0.139,19.4,8.6,USDJPY,H4,nr7-squeeze-breakout,strict,2025-10-01,2026-08-05,1331,oos
