is_t,is_mean,oos_mean,oos_t,oos_nw,oos_sharpe,win,n,p,family,pair
1.1776857463112076,3.7875792529480206e-05,0.00011929040066533723,2.5333498845474205,2.262109738698079,1.1643276834509593,0.04945515507124895,1193,0.6063936063936064,month10,USDJPY
0.02422780202212217,8.484879057486302e-07,9.973226484497779e-05,2.335523378173215,2.263357527824711,1.0734066151465613,0.04526404023470243,1193,0.6373626373626373,month10,EURJPY
0.8489246859593934,3.303030070428205e-05,9.976100781555046e-05,2.2199907493993054,2.0099257121753418,1.0203078154727223,0.055322715842414084,1193,0.6233766233766234,month06,EURJPY
0.8846713214922403,2.555833949453446e-05,0.00010062476613226625,2.2122977551870053,2.3281947538625847,1.0167721151004032,0.056160938809723386,1193,0.6163836163836164,month06,USDJPY
-0.5862281511130916,-8.936389981516284e-05,0.00040345999172636656,2.108470650550441,2.1538897036676428,0.9690531746736222,0.5272422464375524,1193,0.007992007992007992,gap_fade,AUDUSD
-0.5862281511130916,-8.936389981516284e-05,0.00040345999172636656,2.108470650550441,2.1538897036676428,0.9690531746736222,0.5272422464375524,1193,0.006993006993006993,rev1,AUDUSD
0.5497913368045528,6.915387813539341e-05,0.00033909468359097865,2.076473475454041,1.673695499208973,0.9543472720329286,0.5188600167644594,1193,0.002997002997002997,rev5,EURGBP
1.7724290830570397,7.480299699536407e-05,5.753390087772443e-05,1.9943675747413632,2.389841306685666,0.916611397585596,0.08382229673093043,1193,0.24975024975024976,ma_bounce63,EURGBP
0.10412327705065676,4.739010486289501e-06,8.537115595270314e-05,1.857019492473222,1.7063567587451995,0.8534862148269318,0.055322715842414084,1193,0.6563436563436563,month06,GBPJPY
0.7399121055292692,3.548154176939288e-05,0.00011079228608589254,1.773823453039793,1.9100232096415792,0.815249312590617,0.04358759430008382,1193,0.3626373626373626,month11,NZDUSD
0.03930644224696443,1.4600760917807818e-06,5.067721342724573e-05,1.7551135983178205,1.4933349925697041,0.806650262795318,0.04107292539815591,1193,0.5124875124875125,month09,USDCAD
0.4718279036263011,2.4187411494722754e-05,9.562342510099308e-05,1.74495686988068,1.8506222227260096,0.8019822300988517,0.041911148365465216,1193,0.6213786213786214,month10,GBPJPY
0.15074419417528906,1.1546769620823423e-05,0.00011715337534306691,1.669627587628016,1.6455690273958017,0.7673608897004105,0.07460184409052809,1193,0.22977022977022976,ma_bounce63,AUDUSD
0.8241447790468126,2.72787912304212e-05,8.405864723812253e-05,1.6525600073286768,1.850482458537312,0.7595166292793544,0.054484492875104776,1193,0.6783216783216783,month04,EURJPY
1.568808485968138,0.0002531983167691412,0.00031549472464596355,1.6429732848809506,1.689114359513068,0.7551105713528384,0.4551550712489522,1193,0.03596403596403597,spx5,AUDJPY
-0.6899001179690528,-4.484211552688474e-05,0.00017355885398038322,1.6069370345428085,1.6183645136897886,0.738548309609051,0.10393964794635373,1193,0.29270729270729273,dow_Thu,EURGBP
3.5755885743566327,0.0005088543919068144,0.0002802546031955439,1.5485297293112308,1.5960235901646853,0.7117043103605837,0.4509639564124057,1193,0.04795204795204795,gold_aud5,AUDUSD
1.5526175880888848,0.00022219161823434978,0.0002649977049791163,1.4647981253399573,1.533626144274295,0.6732212626465003,0.44677284157585917,1193,0.05194805194805195,spx5,AUDUSD
0.40817947208017474,1.626767342852155e-05,8.344649616407132e-05,1.4615610945005943,1.4389494714746154,0.6717335231749634,0.054484492875104776,1193,0.6233766233766234,month04,GBPJPY
-2.202187570483415,-9.500255943097982e-05,6.426747165109634e-05,1.4288643517274333,1.7447678913641,0.6567060992089021,0.02347024308466052,1193,0.34465534465534464,bb_lower20,AUDUSD
-0.5271650398241636,-5.728634138460172e-05,0.00016914579204923625,1.3635873465122585,1.4805568456636986,0.6267047856404928,0.24727577535624476,1193,0.12287712287712288,rsi5,AUDUSD
1.5672964808999985,4.5603445627493365e-05,3.917393716546127e-05,1.3504894748894456,1.4180025131026683,0.6206850034470621,0.04777870913663034,1193,0.5574425574425574,month10,USDCAD
-0.1918842757349768,-2.2833150819260553e-05,0.0002451978862703046,1.336421246640635,1.3811085925973492,0.6142192453190163,0.539815590947192,1193,0.10989010989010989,mom63s5,USDJPY
0.34561045556993414,2.0114789086910343e-05,8.506635336222527e-05,1.315822365122518,1.3337118178006566,0.6047519987511563,0.10813076278290025,1193,0.7372627372627373,dow_Mon,EURJPY
-0.5208747773774913,-2.7805859801354028e-05,3.972077570755854e-05,1.3065691712538283,1.3907458271453315,0.6004992305696388,0.04358759430008382,1193,0.32967032967032966,ma_bounce63,USDCAD
2.444991829622819,0.00026642620182719737,0.00013368639329382702,1.2982246596811107,1.30019256663932,0.5966640927987945,0.44090528080469404,1193,0.07092907092907093,oil_cad5,USDCAD
0.6476461046745039,2.8806451952049476e-05,7.100474197548183e-05,1.2719564964340926,1.4620544034453162,0.5845912441771064,0.040234702430846606,1193,0.4725274725274725,month11,GBPUSD
-0.38633368010115754,-2.8835105878143446e-05,8.788044620144631e-05,1.2642261550101284,1.3063917478861118,0.5810383790251784,0.11399832355406538,1193,0.7062937062937062,dow_Mon,GBPJPY
-0.4159039663172041,-1.8209428421837128e-05,7.651790359658564e-05,1.2406696887530677,1.394317893088894,0.5702118264219741,0.038558256496227995,1193,0.44955044955044954,month11,AUDUSD
-0.6800871770883252,-8.582815584261299e-05,0.00018291038221256498,1.1945538309820256,1.2592438357744289,0.5490169767975986,0.23889354568315171,1193,0.13286713286713286,rsi5,AUDJPY
0.596759445957579,2.6732440706670058e-05,5.865497784574652e-05,1.1446890160616217,1.2215504092580731,0.5260991063541495,0.041911148365465216,1193,0.6043956043956044,month10,AUDJPY
0.28893244895337916,2.629661454810235e-05,0.00012513232473262699,1.137754434561783,1.1669003124718254,0.5229119724873834,0.25230511316010057,1193,0.13586413586413587,rsi5,EURGBP
0.24240756376128234,2.8955008379926174e-05,0.000208307891229002,1.1350433336496457,1.1677255414191934,0.5216659504262836,0.5389773679798826,1193,0.14385614385614387,volmom63,USDJPY
0.24240756376128234,2.8955008379926174e-05,0.000208307891229002,1.1350433336496457,1.1677255414191934,0.5216659504262836,0.5389773679798826,1193,0.13486513486513488,mom63,USDJPY
-0.2392687026746903,-9.92365920411568e-06,6.723482155573333e-05,1.1269981145419075,1.1893056104717479,0.5179683674813831,0.04694048616932104,1193,0.7052947052947053,month03,EURJPY
0.45202423123659996,6.895030856498004e-05,0.00021520780348635221,1.123017456935624,1.1726416910120072,0.5161388571253103,0.5113160100586757,1193,0.08591408591408592,rev5,AUDUSD
0.07259332250351681,3.8939487382935025e-06,7.385074466924198e-05,1.1005830995257726,1.0837846321408784,0.5058280257821736,0.10896898575020955,1193,0.7072927072927073,dow_Mon,USDJPY
-0.858310460053804,-0.00010248391455455016,0.0001207371374692566,1.097677933638521,1.2973024289404054,0.5044928114526501,0.4928751047778709,1193,0.08491508491508491,rev1,USDCAD
-0.858310460053804,-0.00010248391455455016,0.0001207371374692566,1.097677933638521,1.2973024289404054,0.5044928114526501,0.4928751047778709,1193,0.07892107892107893,gap_fade,USDCAD
1.06568965122853,3.8339607396202684e-05,3.3736269671174656e-05,1.0950653749592645,1.2319162017308163,0.5032920794047586,0.036881810561609385,1193,0.4985014985014985,month12,EURUSD
0.720483595696006,4.1294935562039875e-05,5.36360381066816e-05,1.081825454641423,1.0244930286089515,0.4972070116268028,0.03269069572506287,1193,0.3706293706293706,ma_bounce63,EURJPY
-0.42233140588173285,-1.378636501876257e-05,4.817586969595042e-05,1.075334694601267,1.0077331459484185,0.49422385811631125,0.03520536462699078,1193,0.46053946053946054,month11,EURUSD
-0.9942854162970117,-0.0001084556971164891,0.00015980320134139622,1.0722267908869263,1.0284257188680654,0.49279546547533454,0.5062866722548198,1193,0.15284715284715283,mom21s5,USDCHF
-0.09240930827262853,-5.226395657463477e-06,5.5675391299249043e-05,1.0660107812561779,1.1311404325467491,0.48993858726130474,0.051969823973176864,1193,0.6443556443556444,month03,GBPJPY
-1.1892576138529547,-5.943279581244828e-05,6.276865289325013e-05,1.0544429850012802,1.1935498066812382,0.48462202775317986,0.025984911986588432,1193,0.35364635364635366,bb_lower20,AUDJPY
-0.12681407450825558,-5.026071675074025e-06,5.499837253174724e-05,1.0415024636086738,1.1666747045791848,0.47867456373030465,0.04107292539815591,1193,0.6293706293706294,month08,USDJPY
-0.2555557165747122,-1.336960319843328e-05,5.1070085042391935e-05,1.0404467141455076,1.2426446814979104,0.47818934124514734,0.041911148365465216,1193,0.6303696303696303,month08,AUDJPY
-1.2520875267819298,-0.00013862974310948636,0.00014246241089509135,1.0350457531007295,1.0458208178357176,0.475707059385846,0.269907795473596,1193,0.14585414585414586,rsi2,AUDUSD
0.5224103321263848,1.4799225696221506e-05,6.48172714782722e-05,1.0153496901288297,1.1209611899590104,0.46665474824909464,0.04945515507124895,1193,0.6663336663336663,month04,USDJPY
-1.2412240728034913,-0.00010400772402119144,9.099573147857349e-05,1.0149293942165163,1.0064261518854212,0.4664615802351016,0.10813076278290025,1193,0.6093906093906094,dow_Wed,AUDJPY
0.09925377230502118,3.6720274553476413e-06,3.967279429830808e-05,0.9876989399497126,1.1299856191629531,0.4539464626316565,0.041911148365465216,1193,0.6773226773226774,month08,EURJPY
-0.29194449728922345,-1.976278015957745e-05,5.996068972020678e-05,0.9843389463242068,1.0760497635225075,0.45240220945989457,0.026823134953897737,1193,0.35564435564435565,ma_bounce63,GBPJPY
0.5470076191073241,2.9080929330293648e-05,5.2837412773334335e-05,0.9823022339733675,0.970027058861253,0.45146613640193545,0.05280804694048617,1193,0.6323676323676324,month06,AUDJPY
0.3069292195677123,1.3628461664452991e-05,7.385601141304497e-05,0.9787623347781131,0.8966856086534332,0.4498391986248835,0.09304274937133278,1193,0.2887112887112887,shock_drift,USDCHF
0.24075061127083636,1.2076481460460896e-05,4.90208190005563e-05,0.9682279089602023,0.8785980166941344,0.4449975762008079,0.053646269907795474,1193,0.6823176823176823,month03,USDJPY
-0.5194678057522961,-1.701200874120024e-05,2.7059064985251687e-05,0.9660195738738778,0.8181030976554801,0.44398262532843635,0.04610226320201174,1193,0.6023976023976024,month06,USDCAD
0.006919628591091569,3.5641613184941396e-07,7.717829046216735e-05,0.9502743105328522,1.105774852120553,0.436746101821358,0.08382229673093043,1193,0.34865134865134867,shock_drift,USDJPY
1.26438308165056,3.4383129068146334e-05,3.334409381542213e-05,0.9330482926839913,1.0212192557829407,0.42882902349775637,0.040234702430846606,1193,0.41058941058941056,month10,USDCHF
0.31622370808380224,3.4434161967525223e-05,0.0001527218865543455,0.9175179636013187,0.968159432187999,0.4216912837823085,0.5314333612740989,1193,0.15084915084915085,mom252,EURJPY
-1.9592682903914518,-0.00014848951763370095,7.77052837527548e-05,0.9129738400709198,0.904273992393236,0.41960280447049425,0.10645431684828165,1193,0.42657342657342656,dow_Wed,AUDUSD
-0.8341308177373911,-5.5032228220200887e-05,5.809317707666223e-05,0.8883012597903915,0.8362618551678905,0.4082632858283951,0.04694048616932104,1193,0.6363636363636364,month03,AUDJPY
0.27896930152255617,9.432460841785924e-06,3.9689727290109084e-05,0.8226453855969964,0.8578172782852341,0.37808784406615303,0.04694048616932104,1193,0.6883116883116883,month02,USDJPY
-0.6860477650857627,-3.407597273908511e-05,3.846834927810127e-05,0.818784794427534,0.9257636578546349,0.37631351624806947,0.04358759430008382,1193,0.6213786213786214,month02,AUDJPY
-1.4487676976859962,-0.0002470011422327625,0.00016602933638951164,0.8135214399177801,0.8629710503041025,0.3738944783564212,0.5146689019279128,1193,0.15284715284715283,mom63s5,AUDJPY
-0.252378703541546,-3.9884372593003806e-05,0.0001485428686961997,0.7832660595914124,0.8146867579611057,0.3599891046446408,0.5029337803855826,1193,0.11188811188811189,rev1,NZDUSD
-0.252378703541546,-3.9884372593003806e-05,0.0001485428686961997,0.7832660595914124,0.8146867579611057,0.3599891046446408,0.5029337803855826,1193,0.11988011988011989,gap_fade,NZDUSD
-0.0827260020324205,-3.438766931829013e-06,1.9065549855454735e-05,0.7624411210944303,0.8760069843373464,0.3504179622824671,0.03436714165968147,1193,0.4975024975024975,month12,EURGBP
0.5817658562110981,1.1824511369506644e-05,3.101855182289281e-05,0.7602111799493428,0.8313365188088466,0.34939308126483554,0.04777870913663034,1193,0.34565434565434566,month03,EURCHF
-1.1231881610850338,-5.6940257175364026e-05,3.153781681089465e-05,0.7593158472202155,0.8757210435215823,0.34898158631548754,0.07124895222129086,1193,0.5994005994005994,last_week,USDCAD
0.6607963929626471,2.8127792254121766e-05,4.385486966191734e-05,0.7580200933693702,0.795718906373991,0.3483860578065042,0.08214585079631181,1193,0.35064935064935066,ma_bounce63,EURUSD
0.3231053320819967,1.4648463867960876e-05,4.746404605037992e-05,0.7542234104648927,0.933345208529988,0.34664110222893796,0.04945515507124895,1193,0.6383616383616384,month05,AUDJPY
-0.19699568853877145,-6.298450189772499e-06,1.0653888277752351e-05,0.7532655917476195,0.8274815983739279,0.34620088871755084,0.020955574182732608,1193,0.43356643356643354,bb_lower20,EURGBP
0.7086322826799448,8.908342376375954e-05,0.00012216630004491125,0.7476073100130388,1.165378287624964,0.34360034226144454,0.5129924559932942,1193,0.15484515484515485,rev1,EURGBP
0.7086322826799448,8.908342376375954e-05,0.00012216630004491125,0.7476073100130388,1.165378287624964,0.34360034226144454,0.5129924559932942,1193,0.16283716283716285,gap_fade,EURGBP
0.4096268557689096,1.9995711954249947e-05,6.682446313747903e-05,0.7394984383349709,0.8625688981397848,0.33987350459329796,0.05280804694048617,1193,0.6193806193806194,month04,AUDJPY
0.8271251068590774,4.614631512503584e-05,4.7097983730501924e-05,0.7366309836170274,0.7150170265778075,0.3385556223183274,0.050293378038558254,1193,0.3856143856143856,ma_bounce63,USDJPY
-0.15529774937289775,-7.160489145734261e-06,3.233350712408585e-05,0.735072087021794,0.8662109606180706,0.337839153396076,0.039396479463537304,1193,0.6483516483516484,month08,GBPJPY
2.032120945049315,8.865857275969548e-05,3.507650570031564e-05,0.7291285167799519,0.7291407390822244,0.3351074883334159,0.028499580888516344,1193,0.4245754245754246,bb_lower20,GBPJPY
1.0762144850155329,3.804195353477689e-05,3.30460732886378e-05,0.7219528816563262,0.8310864981623182,0.33180956621387686,0.040234702430846606,1193,0.6413586413586414,month09,USDJPY
-0.33950089555421464,-1.2816704114648e-05,2.4742545306248457e-05,0.7183821561767133,0.9068230841725703,0.33016846067560274,0.037720033528918694,1193,0.4745254745254745,month09,EURGBP
-0.3471060805708311,-3.550779725610008e-05,0.00013123684792295582,0.7148828357087055,0.7285791516696398,0.32856017288281886,0.5440067057837384,1193,0.23376623376623376,mom252s5,USDJPY
-0.8916054947120529,-3.5913727600161666e-05,3.66113955061976e-05,0.71213374974054,0.862760450162243,0.3272966928888213,0.055322715842414084,1193,0.6783216783216783,month05,GBPJPY
-0.13741780899923658,-9.612249854113436e-06,5.6446046081156145e-05,0.6870413012239032,0.7405733792589823,0.31576420279272566,0.10310142497904443,1193,0.3596403596403596,ma_bounce63,NZDUSD
-2.5776668213690104,-0.00018720211783817403,6.843429799689844e-05,0.6802395728455175,0.7087700122825947,0.31263812822459186,0.49622799664710815,1193,0.1998001998001998,mom5,EURCHF
0.032496686894423386,4.713072124909944e-06,0.0001185759233015983,0.6700928274620529,0.683594575850677,0.3079746837398966,0.537300922045264,1193,0.20679320679320679,mom252s5,GBPJPY
-0.9435681332723536,-0.00011653328099112417,0.00012246647323278619,0.6671954963896712,0.6597325056911777,0.3066430702915239,0.5180217937971501,1193,0.24775224775224775,mom5,USDJPY
-0.7734088044827763,-9.219904258234938e-05,7.218354977745617e-05,0.6561751003748643,0.6722228712043458,0.3015780959502774,0.5163453478625314,1193,0.2137862137862138,mom5,USDCAD
2.00641033274881,0.0003147140725065626,0.00010940072765488656,0.6527441491289974,0.6778735106826786,0.30000123065405443,0.4124056999161777,1193,0.21678321678321677,spx5,GBPJPY
1.485571253402873,0.00021922794634674785,0.00011600084027390989,0.6467681882172578,0.6609386674346213,0.2972546788385313,0.4266554903604359,1193,0.17282717282717283,spx5,NZDUSD
-0.03967122189780741,-4.650735208634564e-06,0.00010740109605899784,0.6451100351256852,0.6837099916345476,0.2964925916275645,0.5196982397317687,1193,0.22977022977022976,volmom126,EURJPY
-0.03967122189780741,-4.650735208634564e-06,0.00010740109605899784,0.6451100351256852,0.6837099916345476,0.2964925916275645,0.5196982397317687,1193,0.23076923076923078,mom126,EURJPY
0.9504564811328867,3.06034250529698e-05,2.4490729066467226e-05,0.6298026356726555,0.6955084036043108,0.2894573103766335,0.04107292539815591,1193,0.4405594405594406,month09,USDCHF
-0.4197233156581628,-1.4877765796710387e-05,1.6869896845599806e-05,0.6293676382974526,0.6395919033739607,0.28925738556985237,0.041911148365465216,1193,0.5624375624375625,month08,USDCAD
2.0613396893248193,7.339608621753772e-05,2.2983375668536684e-05,0.605174104555617,0.6458850609298806,0.2781380367314046,0.025146689019279127,1193,0.4515484515484515,bb_lower20,EURJPY
-0.8563579707802486,-5.0549534715417194e-05,5.6132168103431956e-05,0.6021369757233253,0.6099636024015866,0.2767421722283551,0.11232187761944677,1193,0.7352647352647352,dow_Thu,USDJPY
-1.2675670662221408,-0.00015942918272970365,9.725492242020424e-05,0.5945205007562311,0.4610768732742366,0.27324164010344365,0.48281642917015927,1193,0.17082917082917082,btc5,EURGBP
-0.8196717415129705,-9.04316427537123e-05,8.83990200965711e-05,0.5929239613649981,0.605393556295117,0.2725078705510138,0.5062866722548198,1193,0.21578421578421578,btc5,USDCHF
-0.7053935311420654,-7.22773556389762e-05,0.00010639395789653471,0.5795514965074655,0.5953461028875785,0.26636188529861277,0.5389773679798826,1193,0.2777222777222777,mom252,USDJPY
-1.0585960117205924,-5.82675840587714e-05,2.814312994112773e-05,0.5723577067633615,0.5783474883063883,0.26305561931495364,0.10896898575020955,1193,0.6203796203796204,dow_Thu,USDCAD
-1.0001462096415863,-0.00011640334633976538,6.223513567539571e-05,0.5657358831766125,0.6351055655828369,0.2600122289944896,0.5071248952221291,1193,0.25574425574425574,volmom63,USDCAD
-1.0001462096415863,-0.00011640334633976538,6.223513567539571e-05,0.5657358831766125,0.6351055655828369,0.2600122289944896,0.5071248952221291,1193,0.25874125874125875,mom63,USDCAD
-1.798371387041659,-0.0002963367586386214,9.947235274588815e-05,0.5621582254982691,0.5421689491357934,0.25836793741746955,0.5188600167644594,1193,0.2627372627372627,rev5,GBPJPY
-0.39327299897527557,-3.55607864197453e-05,5.5487739748075065e-05,0.5547618880794714,0.6547100870891824,0.2549685805164038,0.041911148365465216,1193,0.3986013986013986,ma_bounce63,AUDJPY
-0.20075368820483983,-3.9058447240568986e-06,1.3766049712309076e-05,0.5499972879183459,0.554886899407427,0.2527787701384487,0.036881810561609385,1193,0.4165834165834166,month10,EURCHF
0.45959343181724255,1.5959550772469025e-05,2.7775903567441494e-05,0.5451807705619595,0.5488324591589758,0.25056509861598364,0.04945515507124895,1193,0.5104895104895105,first_week,EURUSD
0.9230058346513993,4.108370380976328e-05,3.342786082425254e-05,0.5434072379486206,0.571985300042544,0.24974998297332832,0.05113160100586756,1193,0.4075924075924076,month05,NZDUSD
0.31766502403326724,2.3090167900791893e-05,5.420344099871266e-05,0.5390947345158001,0.5985310472033231,0.24776795626535655,0.5238893545683152,1193,0.23076923076923078,btc5,EURCHF
-0.8396619566128615,-2.813465819915558e-05,2.3612130208158786e-05,0.5290222079534159,0.5764192458508612,0.24313862275307144,0.04107292539815591,1193,0.6723276723276723,month02,EURJPY
-0.6290640884333925,-7.081367332042206e-05,6.544919489004824e-05,0.5263305945488749,0.5683603114226671,0.24190155715105152,0.26236378876781224,1193,0.2757242757242757,rsi5,NZDUSD
0.04691396865828115,2.891903808606072e-06,3.8782135197834985e-05,0.5105264096320654,0.4893793668166746,0.2346379532859633,0.07460184409052809,1193,0.3946053946053946,ma_bounce63,GBPUSD
1.0038326331978904,2.865977626455835e-05,1.4276988922087005e-05,0.501941399421826,0.7181774418969753,0.23069228233405034,0.05280804694048617,1193,0.5154845154845155,month06,EURGBP
0.05109516650847219,1.724478267228361e-06,2.2797431555896967e-05,0.4949035929035379,0.5892329012809144,0.22745770624568723,0.053646269907795474,1193,0.6963036963036963,month05,EURJPY
1.40912336939302,3.796607097361775e-05,1.9558086720302033e-05,0.49257652751063485,0.6185344042789908,0.22638818692082632,0.04694048616932104,1193,0.4075924075924076,month02,USDCHF
-1.187814619983835,-0.00019763583300343865,9.928518380408625e-05,0.48640296224312357,0.5150716117603868,0.22355081613742234,0.5171835708298408,1193,0.2987012987012987,mom126s5,AUDJPY
-0.31406547131489504,-1.2660869757375392e-05,1.7388025090566567e-05,0.45548708172051205,0.47877157298945905,0.2093418765154997,0.05113160100586756,1193,0.5894105894105894,month01,USDCAD
1.1921202833988267,7.161270411200689e-05,2.9446958529748933e-05,0.4513402039626287,0.45924564316470956,0.2074359713727313,0.10058675607711651,1193,0.47052947052947053,dow_Tue,GBPUSD
0.768403119196197,3.2054772207596276e-05,2.5433257341175664e-05,0.44103849009498763,0.5252631958444423,0.20270130336802816,0.04694048616932104,1193,0.46053946053946054,month05,AUDUSD
0.7482025354394146,4.958198752146085e-05,4.4130434304670826e-05,0.4386760100100313,0.44460137860544824,0.20161550744962994,0.5004191114836547,1193,0.3036963036963037,mom252s5,EURCHF
-0.6138397897332278,-1.83826226273142e-05,2.2270755208274838e-05,0.43629129728583305,0.4537364633711697,0.2005194934095646,0.05280804694048617,1193,0.6803196803196803,month05,USDJPY
-0.6454091959474964,-7.206572864258112e-05,6.112154216345112e-05,0.4350638055433615,0.44972416717076324,0.1999553381676516,0.48281642917015927,1193,0.2917082917082917,mom21,EURUSD
-0.47841272225786696,-2.235458618956533e-05,2.0341153873137082e-05,0.4284224640562491,0.5017269592401837,0.19690297741959106,0.04358759430008382,1193,0.6693306693306693,month02,GBPJPY
-0.3276614008443898,-2.9575256706846427e-05,5.459609235991138e-05,0.42109915309847823,0.44758380721641483,0.19353718348221882,0.24559932942162616,1193,0.2947052947052947,rsi2,USDJPY
-0.4301742488589973,-1.6275763151727534e-05,1.6211559388178717e-05,0.4197164841713996,0.43609362039127003,0.19290170880157373,0.037720033528918694,1193,0.4255744255744256,month08,USDCHF
2.2386437458610327,0.000141653848000047,3.445508391448765e-05,0.4158174254825474,0.4159658499610399,0.1911097013104167,0.10645431684828165,1193,0.7472527472527473,dow_Tue,GBPJPY
-0.6237259831734682,-9.094013784070384e-05,6.492830026589454e-05,0.41456777988386373,0.4261329096233393,0.19053536415551958,0.4928751047778709,1193,0.3066933066933067,mom21,GBPUSD
0.020534449412944914,7.9847296305491e-07,1.9800248303836673e-05,0.41372783992792156,0.40199195908238805,0.19014932772640045,0.04274937133277452,1193,0.47052947052947053,month04,GBPUSD
0.4133972782120212,1.1687284914919335e-05,2.0279210115250875e-05,0.4135181293446037,0.408432150534758,0.1900529447359738,0.036881810561609385,1193,0.5374625374625375,month04,EURUSD
-2.180136263016558,-0.00026605713845661135,5.263070704605231e-05,0.4094875239654636,0.4162173223417472,0.1882004783819875,0.2539815590947192,1193,0.32967032967032966,rsi5,GBPJPY
-1.3588713014946643,-6.473589844021058e-05,2.481641881549595e-05,0.4011940602618872,0.40980922324229707,0.1843888022133422,0.10058675607711651,1193,0.4855144855144855,dow_Tue,EURUSD
0.10892784467156015,5.4865945703141795e-06,3.212479303686687e-05,0.4008609156070957,0.3999542682331349,0.18423568891993827,0.10645431684828165,1193,0.7682317682317682,dow_Tue,EURJPY
-1.557950616544457,-0.00012545761295205382,3.4073762343760856e-05,0.3872708847918246,0.3855704618101045,0.17798971034678965,0.10561609388097234,1193,0.34665334665334663,dow_Wed,NZDUSD
-1.2373151424335267,-0.00019829305181186228,6.788229266281422e-05,0.3835608607580651,0.3963879255273556,0.17628458318882256,0.5238893545683152,1193,0.34465534465534464,mom63s5,GBPJPY
0.10910321180664498,5.002338769830496e-06,1.9235508460805233e-05,0.3827111273028319,0.37958203815160474,0.17589404566713351,0.10896898575020955,1193,0.6243756243756243,dow_Mon,USDCAD
1.7711607904188842,4.990565724489075e-05,1.2473688978405934e-05,0.3764214194850043,0.38118420174483464,0.17300329576409637,0.04358759430008382,1193,0.5844155844155844,month02,USDCAD
-0.739646245437762,-3.129409125020202e-05,1.994791004804199e-05,0.37587883074794803,0.391534802327063,0.17275392196415787,0.08214585079631181,1193,0.3996003996003996,last_week,USDCHF
-0.4697649635899959,-2.0815398717613897e-05,1.861229444384102e-05,0.3681544618503916,0.3869125058025403,0.1692038017855473,0.04526404023470243,1193,0.5254745254745254,month03,EURUSD
0.5542578090152626,5.435494325518619e-05,5.1647695492327326e-05,0.36767480145806336,0.37592677856563905,0.16898334985474645,0.4886839899413244,1193,0.37162837162837165,mom252,EURUSD
-0.4799682304038025,-5.614595413691859e-05,6.043540574848352e-05,0.36295554634716626,0.37323352445554453,0.16681438006324584,0.5222129086336965,1193,0.3386613386613387,mom126s5,EURJPY
0.8890748041137398,3.6760143775295035e-05,1.3800880194897625e-05,0.3594454784106095,0.4583009959366569,0.16520115273359223,0.040234702430846606,1193,0.5134865134865135,month12,GBPUSD
0.20486841081522025,6.519574695698581e-06,1.586283984973377e-05,0.35593500572227604,0.3806252491662741,0.1635877393800099,0.08382229673093043,1193,0.3996003996003996,shock_drift,EURCHF
-0.7809488891410361,-0.00011329071675210435,6.29469716704252e-05,0.3556843329797235,0.35341621289365655,0.16347253017996183,0.5322715842414082,1193,0.34465534465534464,mom252,GBPJPY
-0.056626866452825685,-2.894139381103662e-06,1.1102249228017635e-05,0.35011458321622285,0.3625716823352658,0.16091267302043774,0.04442581726739313,1193,0.5244755244755245,month03,EURGBP
0.8144370771700447,4.2383068223832044e-05,2.698362129017418e-05,0.34439072847126556,0.36086575477381916,0.15828198920678188,0.05699916177703269,1193,0.44755244755244755,first_week,AUDUSD
1.5829054255246449,6.389473569942164e-05,1.202204779233759e-05,0.34292230140179714,0.35645596407534186,0.15760710008130432,0.04945515507124895,1193,0.48951048951048953,first_week,EURGBP
2.0083905969416405,0.00028056736669341696,5.053224315722548e-05,0.3414928809130545,0.340992332085131,0.15695013838150645,0.42414082145850796,1193,0.2837162837162837,spx5,GBPUSD
-1.6595452428943427,-5.3874080833464135e-05,1.5573284772395475e-05,0.3412510618117597,0.3652066447519698,0.15683899831524786,0.051969823973176864,1193,0.4745254745254745,month01,USDCHF
-0.5618867009711827,-1.7622011509739276e-05,1.4400239806494826e-05,0.3395273119372834,0.36310279336732454,0.15604676282087737,0.05280804694048617,1193,0.5294705294705294,month05,GBPUSD
-0.3091826442792889,-2.3112728594777486e-05,2.8144059435856783e-05,0.3376895303667654,0.34295044955763676,0.1552021183555621,0.10477787091366303,1193,0.7252747252747253,dow_Mon,AUDJPY
0.503547422738899,7.202640879883629e-05,5.935949789358105e-05,0.32782973917182745,0.35980795499004836,0.15067055802458035,0.44677284157585917,1193,0.24375624375624375,oil_aud5,AUDUSD
0.2878606305119705,9.190875100166812e-06,1.5453157846073122e-05,0.3268995887951451,0.36574193640904606,0.15024306088336448,0.0989103101424979,1193,0.3836163836163836,ma_bounce63,EURCHF
-0.5717066776783416,-8.389853685464023e-05,5.067783826126907e-05,0.32350554278229804,0.3427445946054635,0.148683157233352,0.5079631181894384,1193,0.3096903096903097,rev5,GBPUSD
0.4193786166562796,2.274310238577047e-05,1.472869511763498e-05,0.31915383464604374,0.30887877351184684,0.14668311204249795,0.04526404023470243,1193,0.6663336663336663,month01,GBPJPY
-0.22606746538730316,-1.5126015437258072e-05,2.489084911272308e-05,0.31086213800931123,0.3874153027466597,0.14287224801782747,0.10058675607711651,1193,0.4775224775224775,turn_of_month,AUDUSD
0.8127357874391066,3.4714906313606886e-05,1.3472315753939946e-05,0.30709812387186197,0.3311762039573759,0.14114230700657399,0.04945515507124895,1193,0.4405594405594406,month03,USDCHF
-0.09652329612843909,-5.204750929912256e-06,2.3501998149753325e-05,0.30562926642981636,0.3079624065558854,0.14046722008184695,0.0972338642078793,1193,0.7842157842157842,dow_Thu,EURJPY
-1.7502546625189335,-9.803686485941151e-05,1.7883922009357302e-05,0.29287259633305496,0.29881489478193757,0.13460425412009477,0.11399832355406538,1193,0.35064935064935066,dow_Thu,USDCHF
0.3451769752564967,1.0793458474613715e-05,7.3040236911671725e-06,0.2903951601455693,0.2696614661848437,0.13346562437350212,0.038558256496227995,1193,0.5074925074925075,month08,EURGBP
-0.07923342450305558,-1.4763407678436833e-06,8.824541818829702e-06,0.2899997076313883,0.3126362017334498,0.13328387438604097,0.03269069572506287,1193,0.42157842157842157,bb_lower20,EURCHF
-1.7846189220839694,-7.30872486837141e-05,1.721005508507792e-05,0.28477385961321733,0.24867499676164764,0.130882074479057,0.07208717518860017,1193,0.43956043956043955,shock_drift,EURUSD
-1.1598198034015101,-0.0001419341958980053,5.106155495257899e-05,0.278092421631472,0.29159700108122444,0.12781128538085215,0.5222129086336965,1193,0.3726273726273726,mom21,USDJPY
1.0225448808185613,0.00016846527997016047,4.1883297470601935e-05,0.23665799077632563,0.2407756528721844,0.10876801970841224,0.49622799664710815,1193,0.3906093906093906,btc5,GBPJPY
0.6771708940496546,3.456798544112334e-05,1.6133685487688327e-05,0.21969330080675156,0.22784084798784765,0.10097104768602352,0.050293378038558254,1193,0.40559440559440557,first_week,NZDUSD
-1.0703661218685214,-4.3888449090448034e-05,1.0252844651327259e-05,0.20937344534375582,0.19895132086136919,0.09622804180354742,0.04694048616932104,1193,0.6923076923076923,month01,USDJPY
0.24705820413864182,2.178249854502009e-05,1.629565875756586e-05,0.20841561602672498,0.21472381739534713,0.09578782342051141,0.24811399832355407,1193,0.34865134865134867,rsi5,USDCAD
-0.2732163966028785,-4.2994228501679535e-05,3.812964064436446e-05,0.20040211522624765,0.2152642116267509,0.09210481821058597,0.4928751047778709,1193,0.33466533466533466,rev5,NZDUSD
0.5671126218905649,1.8715129515192532e-05,7.879236621187918e-06,0.1997646008083887,0.17265799920282665,0.0918118165648836,0.04358759430008382,1193,0.4645354645354645,month07,GBPUSD
-0.3705969758610914,-1.78561121151648e-05,7.273849583331465e-06,0.1983198163842046,0.24034274113205378,0.09114779359989279,0.028499580888516344,1193,0.45754245754245754,bb_lower20,GBPUSD
0.672378648661523,7.410428096371988e-05,2.7703396394039645e-05,0.19719543815166696,0.21487602287584365,0.09063102933025968,0.48030176026823135,1193,0.3906093906093906,mom63,EURUSD
0.672378648661523,7.410428096371988e-05,2.7703396394039645e-05,0.19719543815166696,0.21487602287584365,0.09063102933025968,0.48030176026823135,1193,0.38961038961038963,volmom63,EURUSD
1.6457954689438672,0.0001920713116697935,3.027120638510259e-05,0.19361404063959098,0.19767832924488477,0.08898501892554317,0.42497904442581724,1193,0.3596403596403596,spx5,EURJPY
-0.23070966492648048,-2.804007497764648e-05,3.535080994033999e-05,0.1925458582297537,0.19931290108077107,0.08849408225772042,0.5138306789606035,1193,0.3966033966033966,mom21s5,USDJPY
-0.17122163815111863,-1.8760112599509516e-05,2.0169482531214553e-05,0.18214193404745366,0.19385209517114876,0.08371243838931298,0.23889354568315171,1193,0.35664335664335667,rsi5,GBPUSD
-0.7670146902030363,-5.5896185355638825e-05,1.788234441238466e-05,0.17777761854840107,0.1791480724214111,0.0817065988541361,0.512154233025985,1193,0.24375624375624375,rev1,EURCHF
-0.7670146902030363,-5.5896185355638825e-05,1.788234441238466e-05,0.17777761854840107,0.1791480724214111,0.0817065988541361,0.512154233025985,1193,0.2517482517482518,gap_fade,EURCHF
-1.7042798886112216,-0.00018286104352861096,2.357761647561588e-05,0.15815064428174533,0.1580637407192628,0.07268604088840157,0.4861693210393965,1193,0.4355644355644356,volmom63,USDCHF
-1.7042798886112216,-0.00018286104352861096,2.357761647561588e-05,0.15815064428174533,0.1580637407192628,0.07268604088840157,0.4861693210393965,1193,0.41058941058941056,mom63,USDCHF
-1.055869576373937,-6.661639370268002e-05,9.119918996942029e-06,0.15775830671889535,0.1934940741109147,0.07250572253266624,0.04610226320201174,1193,0.4965034965034965,month03,AUDUSD
1.1385327815427295,4.2794805119850926e-05,7.340363731697077e-06,0.15598672830752375,0.16771870126448518,0.07169150504129412,0.038558256496227995,1193,0.4675324675324675,month12,AUDUSD
0.1597130888777733,8.676323817656843e-06,8.350795938596954e-06,0.15527160031009749,0.17516531561831095,0.0713628321920785,0.04526404023470243,1193,0.6723276723276723,month01,AUDJPY
-0.25780067605898593,-1.5736431951302563e-05,6.9635110708312324e-06,0.15499849513741146,0.1719162179329435,0.07123731304646361,0.04610226320201174,1193,0.5124875124875125,month03,GBPUSD
-1.127701675237517,-5.1694054237616504e-05,8.690139074906649e-06,0.1544764991357651,0.1530674698482903,0.07099740366834148,0.05280804694048617,1193,0.5084915084915085,first_week,GBPUSD
-0.30412382032974256,-3.390257408308359e-05,2.1448824509983714e-05,0.15267082115645117,0.16647003416034759,0.07016751401451318,0.47946353730092206,1193,0.4245754245754246,mom21s5,EURUSD
-0.9854213397200674,-9.18550904492335e-05,1.667135798671876e-05,0.1408380638392193,0.15220717040359066,0.06472917839413705,0.24224643755238895,1193,0.3906093906093906,rsi2,EURJPY
0.3858398702864929,1.560313203303555e-05,6.036796490543584e-06,0.12779884295921093,0.11088993705044295,0.05873635208387091,0.041911148365465216,1193,0.4245754245754246,month07,NZDUSD
0.1570347964662877,5.771103683940712e-06,5.611123827276138e-06,0.12746593458464825,0.11479716586511951,0.05858334738486729,0.037720033528918694,1193,0.6983016983016983,month09,EURJPY
-0.05980104699942833,-6.985223633613162e-06,2.1085966489769298e-05,0.1208693705838254,0.1227393712047528,0.05555156637085779,0.43755238893545684,1193,0.3956043956043956,spx5,USDJPY
-0.004532509009725983,-8.441808617719838e-08,3.3198095195399567e-06,0.1138439844111622,0.11874980263433113,0.05232269867371904,0.04358759430008382,1193,0.41058941058941056,month02,EURCHF
-0.6006094399931319,-2.23947911916642e-05,1.5155723761956605e-05,0.11266481548040674,0.2501775353865407,0.051780752597530226,0.037720033528918694,1193,0.5114885114885115,month10,EURGBP
-0.15024573008583347,-5.049389211359473e-06,2.6950470391693847e-06,0.10940734703335085,0.12629463111913464,0.05028362000088034,0.040234702430846606,1193,0.5104895104895105,month02,EURGBP
-1.1696992702875824,-3.6182552179737285e-05,3.0148637859577973e-06,0.09969467546397177,0.11776356885349072,0.04581967585424881,0.04694048616932104,1193,0.6023976023976024,month07,USDCAD
0.21420156680195673,2.605678746984417e-05,1.561484399966742e-05,0.0937581967537577,0.0984484358754071,0.043091270059739166,0.5113160100586757,1193,0.4645354645354645,mom63s5,EURJPY
0.25965198873210993,1.1564517858465941e-05,4.438652180944124e-06,0.09145883519013595,0.07834735225134971,0.04203448341565263,0.039396479463537304,1193,0.6233766233766234,month09,AUDJPY
-1.0796185277723287,-6.416697767431256e-05,4.449498955756319e-06,0.08453144115528777,0.1010025668122274,0.03885065290801325,0.0997485331098072,1193,0.6563436563436563,turn_of_month,USDCAD
0.5125192586777,2.0114552402004457e-05,3.7828664218948267e-06,0.07774927762768526,0.07682604255923318,0.03573357034589028,0.04358759430008382,1193,0.47152847152847155,month07,AUDUSD
0.502952041416553,5.549826633684936e-05,1.134829408706665e-05,0.07608321975288933,0.07482811509512585,0.034967850096315305,0.5046102263202011,1193,0.4125874125874126,rev5,USDCHF
1.433538909257203,6.711703573086942e-05,2.5086547906393133e-06,0.059224869928440664,0.061326149190182144,0.027219752007837956,0.04526404023470243,1193,0.4965034965034965,month01,GBPUSD
-1.0529323100113626,-0.0001544373640278027,8.393780523662154e-06,0.053586441513795616,0.06081670612268537,0.024628330138173646,0.49371332774518023,1193,0.3776223776223776,rev1,GBPUSD
-1.0529323100113626,-0.0001544373640278027,8.393780523662154e-06,0.053586441513795616,0.06081670612268537,0.024628330138173646,0.49371332774518023,1193,0.3986013986013986,gap_fade,GBPUSD
0.7734162007085272,2.7711651666982342e-05,2.978995840531886e-06,0.052889352741954616,0.06614473613482731,0.024307948117581843,0.037720033528918694,1193,0.6883116883116883,month12,EURJPY
0.0030444896829900907,4.3618323175723713e-07,9.415081821203147e-06,0.0494903871046762,0.05117980272993385,0.022745783408032145,0.4786253143336127,1193,0.46353646353646355,mom252s5,NZDUSD
-0.10391830208422702,-1.1307414825571063e-05,7.409185225950618e-06,0.0444925839506983,0.045890456855266,0.020448792927518805,0.5196982397317687,1193,0.47352647352647353,mom252s5,EURJPY
-0.22756588121367557,-2.488144008854786e-05,6.439288836605583e-06,0.04318000705897867,0.04205982221731533,0.01984553254844164,0.4886839899413244,1193,0.46153846153846156,mom21,USDCHF
-0.29837104026977196,-7.887969528671528e-06,1.1358667959304764e-06,0.04118775477822798,0.040631261165227035,0.018929893340038043,0.03604358759430008,1193,0.3906093906093906,month08,EURCHF
0.19425568999326484,1.6911220382101292e-05,2.891591814846084e-06,0.03763797398252516,0.03990036110215177,0.017298413979121522,0.25230511316010057,1193,0.3676323676323676,rsi2,USDCAD
0.6786386311413805,2.0394448771419604e-05,1.3083554820599654e-06,0.03360987856482056,0.03741378947882666,0.015447101203486786,0.04107292539815591,1193,0.5124875124875125,month05,EURUSD
0.11260996136679818,5.2834283043584155e-06,2.2353975745048055e-06,0.02843698910900126,0.03067799115208077,0.013069641053359135,0.04442581726739313,1193,0.4885114885114885,month04,AUDUSD
0.5716797475308407,1.667150444418063e-05,3.309021517732079e-07,0.013640490335706131,0.020062208232619234,0.006269169770264566,0.01760268231349539,1193,0.4785214785214785,bb_lower20,USDCAD
0.3478968265152383,1.132800851129784e-05,3.617171628306692e-07,0.011467890348560494,0.010867802021494195,0.005270642750554938,0.04610226320201174,1193,0.5394605394605395,month04,EURGBP
-0.3298356535556302,-1.840415315920418e-05,-4.0551014721977236e-08,-0.0008135858701843698,-0.0008080296293419784,-0.0003739240905088917,0.10058675607711651,1193,0.6423576423576424,dow_Wed,USDCAD
-1.0803674512568684,-4.422189860369022e-05,-1.483117637352967e-07,-0.002757375356733357,-0.003230651636303939,-0.0012672897972336977,0.04358759430008382,1193,0.5084915084915085,month02,AUDUSD
-0.37549033490015415,-3.1390452660279834e-05,-7.811975510895701e-07,-0.009169468416065868,-0.00917346208059752,-0.004214287960962806,0.0989103101424979,1193,0.7942057942057942,dow_Wed,GBPJPY
-0.9455177068473568,-0.0001636886794980288,-2.5637318534292525e-06,-0.01255926083262615,-0.012956696417594556,-0.005772236657993399,0.49874266554903607,1193,0.46153846153846156,rev5,AUDJPY
1.4099123837186822,0.0001580857781550359,-2.2352869757783414e-06,-0.015909115076503874,-0.017016541232099395,-0.007311829769652867,0.5104777870913663,1193,0.4305694305694306,rev5,EURUSD
-2.4038902019045043,-0.00010935184789642289,-1.1543990023915229e-06,-0.019271176485033563,-0.018963920405748343,-0.008857033294555063,0.040234702430846606,1193,0.4725274725274725,dow_Fri,NZDUSD
0.20600603597093775,6.916466831413171e-06,-1.0587065739786936e-06,-0.02782421284319408,-0.02721057499381756,-0.01278800906308691,0.04945515507124895,1193,0.5294705294705294,month06,EURUSD
1.1851455017738104,0.00020494932214123015,-6.403793312817184e-06,-0.03137005584180544,-0.030073466672125314,-0.014417678612341264,0.5247275775356245,1193,0.4925074925074925,btc5,AUDJPY
0.9603933264062507,4.0587955414995155e-05,-1.6326292933436062e-06,-0.031383131040123184,-0.029843412814966018,-0.014423687973883001,0.04442581726739313,1193,0.46653346653346656,month01,AUDUSD
1.618976391858613,0.00023725486001668463,-5.275605131325819e-06,-0.033688934447914654,-0.03527789282876065,-0.0154834352897445,0.49706621961441744,1193,0.4775224775224775,btc5,GBPUSD
0.12519453191323054,1.826184725980153e-05,-7.861553098179215e-06,-0.04100052108956678,-0.04493127613184861,-0.01884384073107447,0.49622799664710815,1193,0.5044955044955045,volmom126,AUDUSD
0.12519453191323054,1.826184725980153e-05,-7.861553098179215e-06,-0.04100052108956678,-0.04493127613184861,-0.01884384073107447,0.49622799664710815,1193,0.5054945054945055,mom126,AUDUSD
0.628138853717535,5.7235581173818506e-05,-6.581180902059709e-06,-0.0505328718024904,-0.05107908139209894,-0.023224909406632976,0.24727577535624476,1193,0.47352647352647353,rsi5,USDJPY
-0.2343887434179369,-5.616970612169283e-06,-1.9370188831386125e-06,-0.05259791635895872,-0.055538769172855475,-0.024174003947154885,0.03269069572506287,1193,0.5184815184815185,bb_lower20,EURUSD
-0.18694573660357064,-8.22592333030773e-06,-2.6737497643446014e-06,-0.05490966211207848,-0.059277215935852945,-0.025236482365108743,0.040234702430846606,1193,0.5144855144855145,month08,AUDUSD
-0.6482781833065115,-8.001968535995461e-05,-1.0138762609144892e-05,-0.055206294499743146,-0.0555917705107464,-0.025372814619438397,0.49874266554903607,1193,0.4595404595404595,btc5,USDJPY
-0.024533184012078272,-3.0525519181825526e-06,-1.0063091338139873e-05,-0.060430413343462955,-0.061586951120829854,-0.02777381979779237,0.5138306789606035,1193,0.5104895104895105,mom5,EURJPY
-0.5452818029147933,-3.263207258472575e-05,-4.916390819402266e-06,-0.0621296717393907,-0.062017123986387895,-0.028554799007882246,0.10645431684828165,1193,0.8311688311688312,dow_Wed,EURJPY
0.0992879162423026,1.5968456001945995e-05,-1.34636352933581e-05,-0.07607826833559111,-0.0808051242604695,-0.034965574424775506,0.5213746856663872,1193,0.5354645354645354,mom63,GBPJPY
0.0992879162423026,1.5968456001945995e-05,-1.34636352933581e-05,-0.07607826833559111,-0.0808051242604695,-0.034965574424775506,0.5213746856663872,1193,0.5304695304695305,volmom63,GBPJPY
1.0203603933004675,0.00010704031640787805,-1.1972994518409731e-05,-0.08522307332154709,-0.08738925392626402,-0.039168527072514905,0.47778709136630343,1193,0.5324675324675324,volmom126,EURUSD
1.0203603933004675,0.00010704031640787805,-1.1972994518409731e-05,-0.08522307332154709,-0.08738925392626402,-0.039168527072514905,0.47778709136630343,1193,0.5144855144855145,mom126,EURUSD
-1.3426111300174355,-6.553744954032847e-05,-5.664447270274937e-06,-0.08540982707318945,-0.08774004092824918,-0.03925435910241013,0.10896898575020955,1193,0.42857142857142855,turn_of_month,USDCHF
-0.9216987434920703,-6.686177143749514e-05,-6.7653431346549405e-06,-0.08912125862339275,-0.08815532121563018,-0.0409601331549773,0.10477787091366303,1193,0.5284715284715285,dow_Wed,GBPUSD
-0.9559351860032894,-1.823650987628796e-05,-2.5142710772019007e-06,-0.09080386430164034,-0.0910822539641542,-0.04173345877551843,0.04861693210393965,1193,0.4005994005994006,month01,EURCHF
-1.188811668959644,-0.00019807731388275047,-1.9882925838428005e-05,-0.09739077917434667,-0.10028688206176858,-0.044760805049954173,0.5079631181894384,1193,0.5274725274725275,mom126,AUDJPY
-1.188811668959644,-0.00019807731388275047,-1.9882925838428005e-05,-0.09739077917434667,-0.10028688206176858,-0.044760805049954173,0.5079631181894384,1193,0.5014985014985015,volmom126,AUDJPY
0.04892201471072321,3.2305407245615326e-06,-8.489639523146516e-06,-0.10685928621050919,-0.11852785845683429,-0.04911253116974504,0.09220452640402348,1193,0.38961038961038963,turn_of_month,NZDUSD
-0.2054253717284756,-2.5557884438933396e-05,-1.8353125204975e-05,-0.11021510063940904,-0.11291519551121211,-0.05065486358262068,0.48365465213746855,1193,0.4925074925074925,rev5,EURJPY
-0.5368296150506295,-6.998201267531511e-05,-1.7893333265698986e-05,-0.1142255980526176,-0.11795225144303681,-0.05249808831485755,0.48113998323554064,1193,0.5404595404595405,mom252s5,GBPUSD
-0.0939442754760928,-1.628519719159099e-05,-2.3580061377369304e-05,-0.11549406814843548,-0.11914097017719494,-0.053081077209206136,0.49371332774518023,1193,0.4595404595404595,gap_fade,AUDJPY
-0.0939442754760928,-1.628519719159099e-05,-2.3580061377369304e-05,-0.11549406814843548,-0.11914097017719494,-0.053081077209206136,0.49371332774518023,1193,0.4385614385614386,rev1,AUDJPY
0.8628044866593175,0.00012566759863017182,-2.272811240364291e-05,-0.11852981394134006,-0.12442971715421451,-0.054476306067311554,0.4953897736797988,1193,0.5254745254745254,mom126s5,AUDUSD
0.19603132833537268,2.8535354668049446e-05,-1.8590792409470885e-05,-0.11867974335565754,-0.12425258815918883,-0.05454521363066008,0.4979044425817267,1193,0.5114885114885115,mom21s5,GBPUSD
0.23350234668752476,1.571742718087363e-05,-1.2162204506327434e-05,-0.12085894669873909,-0.1189351240315405,-0.05554677555295729,0.5004191114836547,1193,0.5494505494505495,mom252,EURCHF
-0.05749281543362911,-1.3821251058707443e-06,-3.6401890312459886e-06,-0.1311884405080314,-0.1621429978082533,-0.06029421121968239,0.039396479463537304,1193,0.4255744255744256,month09,EURCHF
0.2784522842610149,3.46341611658024e-05,-2.2260515607286078e-05,-0.1336771901145843,-0.1359277829841191,-0.06143804061402003,0.509639564124057,1193,0.5084915084915085,btc5,EURJPY
1.5222486983776837,4.362116509827851e-05,-5.719292717136457e-06,-0.1442431960284443,-0.12024601388269814,-0.06629417725114765,0.04694048616932104,1193,0.5514485514485514,month07,EURUSD
-0.464958830339554,-9.966985753649164e-06,-4.904386535321137e-06,-0.14659155696384527,-0.14614990647191145,-0.0673734840079838,0.057837384744341996,1193,0.3676323676323676,first_week,EURCHF
-0.6971770460781319,-8.312272357999397e-05,-1.7386200711574394e-05,-0.1579247086348323,-0.15445236010550822,-0.07258220085825658,0.4895222129086337,1193,0.5034965034965035,btc5,USDCAD
-1.232510631994651,-7.45837195279988e-05,-9.45262135990237e-06,-0.16609162755992551,-0.19911066536332275,-0.07633571704288905,0.04358759430008382,1193,0.4255744255744256,month03,NZDUSD
0.6459615330611823,9.192204898427611e-05,-2.761665200676236e-05,-0.17631748964194333,-0.18492687395329888,-0.08103552356462888,0.5029337803855826,1193,0.5514485514485514,volmom63,GBPUSD
0.6459615330611823,9.192204898427611e-05,-2.761665200676236e-05,-0.17631748964194333,-0.18492687395329888,-0.08103552356462888,0.5029337803855826,1193,0.5664335664335665,mom63,GBPUSD
0.7694764036469329,6.786473168308554e-05,-2.157176678625679e-05,-0.18755953747815451,-0.19012577410688702,-0.08620236908968712,0.2372170997485331,1193,0.5334665334665335,rsi5,EURJPY
-2.0802807430916106,-0.00024936252624293865,-2.450036222425033e-05,-0.18930079134219796,-0.1915484454526482,-0.08700264941819134,0.25565800502933783,1193,0.4915084915084915,rsi2,GBPJPY
-1.1888236538700994,-7.336449562621861e-05,-1.2146470239080729e-05,-0.1925750677625106,-0.19601570153912992,-0.08850750695985768,0.09555741827326068,1193,0.5244755244755245,dow_Mon,GBPUSD
-1.40620382120639,-0.0001687049400258042,-2.6253137582069636e-05,-0.19496069207472427,-0.189284940194,-0.08960393996580238,0.42414082145850796,1193,0.44955044955044954,spx5,EURGBP
-0.6603173157168788,-7.277079810712071e-05,-3.628625075948443e-05,-0.19762768004121473,-0.20217351538308856,-0.09082968771575055,0.5414920368818106,1193,0.5584415584415584,mom126s5,USDJPY
-0.48163791998319977,-4.7497394220083047e-05,-3.012501033691523e-05,-0.20206253415858963,-0.19672130888883244,-0.09286794680203879,0.4861693210393965,1193,0.5854145854145855,mom252s5,USDCHF
-0.5398455538422031,-6.280000217635357e-05,-2.2659462560928845e-05,-0.20590554132297795,-0.2160318747229079,-0.09463419301085928,0.5037720033528919,1193,0.5504495504495505,mom63s5,USDCAD
-1.5546889437521296,-5.195298118608025e-05,-9.309744410541256e-06,-0.2086377164113574,-0.20549543502709253,-0.09588990076399641,0.04777870913663034,1193,0.43756243756243757,dow_Fri,USDCHF
-0.535211496840811,-2.478206488046354e-05,-1.4925057728132408e-05,-0.21001945587252557,-0.20946099187037817,-0.096524948262081,0.04274937133277452,1193,0.44955044955044954,month04,NZDUSD
1.6957153172267332,0.000258370617775383,-4.0970042661081654e-05,-0.2137077700131315,-0.21064922834012767,-0.098220097552499,0.509639564124057,1193,0.5054945054945055,btc5,AUDUSD
-1.3811331462014804,-7.176674723422288e-05,-1.5550266152289747e-05,-0.21780271739428395,-0.21260127707808898,-0.10010213549255345,0.0972338642078793,1193,0.5724275724275725,dow_Wed,EURUSD
0.6710115337537801,0.00011624854652436662,-4.450863871494528e-05,-0.21803150284436543,-0.22353599174209066,-0.10020728529232076,0.49958088851634536,1193,0.5424575424575424,mom5,AUDJPY
-0.4300102791401838,-3.461406005448234e-05,-2.238480001454039e-05,-0.23357759269035608,-0.25520895542509675,-0.10735226865506556,0.09471919530595138,1193,0.7512487512487512,turn_of_month,AUDJPY
-0.5043826582551272,-2.008916597897154e-05,-1.1149113486781795e-05,-0.2398428668519668,-0.26657123771095986,-0.11023178884896745,0.04107292539815591,1193,0.7202797202797203,month01,EURJPY
1.2407784820530097,4.95772605394058e-05,-1.0732835741225685e-05,-0.2413695521892465,-0.25384523768284056,-0.1109334534760906,0.037720033528918694,1193,0.43956043956043955,month12,NZDUSD
1.4421145039378327,0.00015350256208866104,-3.262073969288724e-05,-0.24802364981496727,-0.2493090403592532,-0.11399167694584085,0.4291701592623638,1193,0.5324675324675324,spx5,EURUSD
-0.5180378937947567,-8.120624994629903e-05,-4.741788173126372e-05,-0.2493502337494361,-0.26006678953556917,-0.1146013749621886,0.4911986588432523,1193,0.5914085914085914,mom21,NZDUSD
-0.48361723140351565,-5.241144989082405e-05,-2.7455185199664734e-05,-0.2494912873440879,-0.2638166802271255,-0.1146662031985507,0.4895222129086337,1193,0.6033966033966034,mom252s5,USDCAD
-1.7392481560137492,-0.00019501717760648884,-3.5354261403193044e-05,-0.25170922998086825,-0.2669904538155058,-0.1156855697014019,0.4853310980720872,1193,0.5514485514485514,mom5,EURUSD
-1.2073975869770979,-0.00011968670006027402,-3.8181898455393104e-05,-0.2561484810634131,-0.2522974449264621,-0.11772584963301505,0.49622799664710815,1193,0.6393606393606394,mom252,USDCHF
0.938763088139554,4.777092362027141e-05,-1.1647309997426468e-05,-0.25775544214629986,-0.31401155266180714,-0.11846440899524371,0.03604358759430008,1193,0.6413586413586414,month11,AUDJPY
-1.2707643534997157,-0.00015490365654546314,-4.218462452072855e-05,-0.25776360267695264,-0.3937287264280763,-0.11846815957537819,0.48700754400670576,1193,0.6333666333666333,mom63s5,EURGBP
0.2037633624899209,1.9917277827265838e-05,-3.653942091715753e-05,-0.2601340434246473,-0.26562839745835914,-0.1195576142146114,0.48365465213746855,1193,0.6053946053946054,mom252s5,EURUSD
-0.53892896062551,-7.588703972804475e-05,-4.998098281920275e-05,-0.2606550035210059,-0.2845358913023704,-0.11979704749063198,0.4911986588432523,1193,0.6063936063936064,mom252,AUDUSD
-1.2782594422193938,-5.3088834807787924e-05,-1.5166813890636959e-05,-0.2861478394655215,-0.3454900051753286,-0.13151355566067335,0.04274937133277452,1193,0.44255744255744256,month02,NZDUSD
0.19337792585756847,6.485863741504629e-06,-1.018788994489035e-05,-0.28840680857594675,-0.29225344769970046,-0.13255177793205083,0.04274937133277452,1193,0.6223776223776224,month04,USDCAD
-1.0885800858286967,-4.773643002411007e-05,-1.3179310323560992e-05,-0.2890387078719008,-0.2819654315531043,-0.1328421988675561,0.04107292539815591,1193,0.5194805194805194,dow_Fri,GBPUSD
-0.889653085809996,-0.00013589385533319484,-5.19006911366709e-05,-0.29323118623868366,-0.3017455184861096,-0.13476906205155195,0.509639564124057,1193,0.6003996003996004,mom126s5,GBPJPY
-0.43920245765015076,-3.34554235507392e-05,-2.9503448171335664e-05,-0.29803468556809254,-0.3437207257505108,-0.13697675048842495,0.24308466051969824,1193,0.5174825174825175,rsi5,EURUSD
-0.20196929221034243,-2.839329520944383e-05,-5.8476868453814085e-05,-0.30490260045938217,-0.3360059551497686,-0.14013324437988842,0.49371332774518023,1193,0.6353646353646354,mom252s5,AUDUSD
0.5535690376048197,2.524520017902822e-05,-2.3823520135515898e-05,-0.3072358127192628,-0.27349511326247194,-0.1412055888049979,0.07544006705783739,1193,0.7402597402597403,last_week,USDJPY
-1.4075949907692917,-0.0001633484249631335,-5.052008857172377e-05,-0.30872270188254897,-0.4761383150918438,-0.14188896310935173,0.4920368818105616,1193,0.6943056943056943,mom126s5,EURGBP
-0.5705015551627118,-2.4241486409225063e-05,-1.1894367870980799e-05,-0.31095160608662764,-0.2993087072921318,-0.14291336754886427,0.0586756077116513,1193,0.6253746253746254,first_week,USDCAD
0.7178693959420539,3.750021838867299e-05,-2.8059857074462725e-05,-0.32277144826811055,-0.32036915757783013,-0.14834576737246008,0.11399832355406538,1193,0.8111888111888111,dow_Tue,USDJPY
-1.032945992617786,-8.555224365885572e-05,-3.409619554181005e-05,-0.3247998407050409,-0.3297286671610513,-0.14927801659773537,0.25901089689857504,1193,0.46553446553446554,rsi2,USDCHF
-1.8067311141031384,-8.649740328726809e-05,-1.4745678243815898e-05,-0.32753215778434475,-0.34130869528831814,-0.15053378960990563,0.04777870913663034,1193,0.6893106893106893,dow_Fri,GBPJPY
0.7894287664156538,5.528611384804026e-05,-3.2336135170631764e-05,-0.3282786854978948,-0.33135083132883314,-0.1508768937696001,0.10561609388097234,1193,0.7662337662337663,dow_Tue,AUDJPY
0.38740179611357267,1.996251821915723e-05,-1.8492546407518778e-05,-0.3283795440065924,-0.290648904027916,-0.1509232483432437,0.037720033528918694,1193,0.6713286713286714,month09,GBPJPY
0.015111622405368421,8.628092914359882e-07,-2.8516174462259336e-05,-0.33381340202135823,-0.32813039648378933,-0.15342064965094498,0.10645431684828165,1193,0.8031968031968032,dow_Wed,USDJPY
-1.329859173298308,-6.289526118872473e-05,-2.0116426281628945e-05,-0.3417774650226166,-0.33794732344812417,-0.15708093324685626,0.04358759430008382,1193,0.48951048951048953,dow_Fri,AUDUSD
0.2025764123494961,2.2187430759594016e-05,-5.5951552903029655e-05,-0.3419140803500548,-0.526839983269112,-0.157143721655473,0.49371332774518023,1193,0.7162837162837162,mom252s5,EURGBP
-0.596907254330628,-2.1813485443208258e-05,-1.4894537383648892e-05,-0.34262850969071135,-0.3558815235904846,-0.15747207340201613,0.04610226320201174,1193,0.5214785214785215,month06,GBPUSD
0.5276320667663174,5.970719289147329e-05,-3.7809169854250534e-05,-0.34365862115970824,-0.3842395043538669,-0.15794551266427878,0.49874266554903607,1193,0.6063936063936064,volmom126,USDCAD
0.5276320667663174,5.970719289147329e-05,-3.7809169854250534e-05,-0.34365862115970824,-0.3842395043538669,-0.15794551266427878,0.49874266554903607,1193,0.5994005994005994,mom126,USDCAD
-0.2334122215090021,-3.991338992329066e-05,-7.189832562045045e-05,-0.35220194435697644,-0.35346793819401284,-0.16187202426377117,0.5037720033528919,1193,0.6253746253746254,volmom63,AUDJPY
-0.2334122215090021,-3.991338992329066e-05,-7.189832562045045e-05,-0.35220194435697644,-0.35346793819401284,-0.16187202426377117,0.5037720033528919,1193,0.6323676323676324,mom63,AUDJPY
1.8808749766801844,0.0002955401411123737,-6.792925462118145e-05,-0.35715428218296164,-0.3469454220376496,-0.16414811887816594,0.5062866722548198,1193,0.5474525474525475,btc5,NZDUSD
-1.877313752929157,-8.347110702939479e-05,-1.4965309959796831e-05,-0.35764746048340407,-0.3464856707097713,-0.16437478363994437,0.02347024308466052,1193,0.5184815184815185,bb_lower20,NZDUSD
-1.7106091260413754,-4.985864999487155e-05,-1.5641351664892513e-05,-0.3601852016099292,-0.33785822007914096,-0.1655411295383409,0.050293378038558254,1193,0.4385614385614386,month05,USDCHF
0.6563632307380943,0.00011330150322717695,-7.424981154317778e-05,-0.36368778415211694,-0.394142240168681,-0.16715091658051642,0.4911986588432523,1193,0.6223776223776224,mom21,AUDJPY
-0.9850195061896084,-3.191171825545816e-05,-1.6971417483553815e-05,-0.3845841929464017,-0.37916946132252627,-0.17675490669348906,0.10142497904442582,1193,0.4045954045954046,dow_Tue,EURCHF
0.8775298600653069,9.844107385765404e-05,-5.4386385420949575e-05,-0.3872892835738766,-0.3910909622518335,-0.1779981664275765,0.5046102263202011,1193,0.5924075924075924,btc5,EURUSD
-0.908370992226389,-0.00010023509301895764,-5.776409034496843e-05,-0.3875542075434877,-0.37772400388682253,-0.17811992549201103,0.4895222129086337,1193,0.6143856143856143,mom5,USDCHF
-0.6004150497811995,-7.838893960873372e-05,-6.0740862579549696e-05,-0.387804092001855,-0.39911669030839425,-0.17823477239662372,0.48030176026823135,1193,0.6463536463536463,mom252,GBPUSD
1.100303600785485,8.260863008246269e-05,-4.223081649562928e-05,-0.3944904571570691,-0.42507990799854745,-0.18130782602390363,0.24224643755238895,1193,0.5434565434565435,rsi5,USDCHF
-1.235712199994113,-5.2282912426502136e-05,-2.2379137973019434e-05,-0.39598754532807673,-0.39279093813203303,-0.18199588779251427,0.04274937133277452,1193,0.6903096903096904,dow_Fri,USDJPY
0.2584260459317048,8.665430477344518e-06,-1.447042684251291e-05,-0.3991730564352012,-0.42834979847092064,-0.18345994879355837,0.041911148365465216,1193,0.5444555444555444,month08,EURUSD
-0.486504740566205,-7.26961835726242e-05,-7.690956027669195e-05,-0.4011162914208123,-0.455242519910299,-0.18435305965163537,0.4895222129086337,1193,0.6653346653346653,mom63s5,AUDUSD
1.0409048256388909,4.4614785258091506e-05,-2.015265069676136e-05,-0.4050226529375357,-0.36648040387551484,-0.1861484235227025,0.041911148365465216,1193,0.44455544455544455,month01,NZDUSD
0.5097691119493573,2.3138276984708628e-05,-2.173538668006797e-05,-0.40543578490021925,-0.41452104831305686,-0.1863382989852294,0.038558256496227995,1193,0.6993006993006993,month12,GBPJPY
0.7607895917937451,7.009134491552168e-05,-2.9442533542390428e-05,-0.4123615206788349,-0.4539408988024203,-0.18952136735825423,0.26152556580050296,1193,0.43356643356643354,rsi2,EURGBP
0.813640125348447,5.486589610132355e-05,-2.896600557650971e-05,-0.4130756912722394,-0.4498906331683206,-0.18984960018455255,0.08466051969823973,1193,0.5574425574425574,shock_drift,GBPUSD
1.6892798299672263,9.460995226371611e-05,-1.7304231570752675e-05,-0.41490908370969065,-0.4361155982755045,-0.19069222740417777,0.040234702430846606,1193,0.6713286713286714,month11,GBPJPY
-1.0708130651136987,-2.3194855670159916e-05,-9.132349120686243e-06,-0.42487891418116314,-0.45933456968454456,-0.19527436178997823,0.03269069572506287,1193,0.4165834165834166,month12,EURCHF
-0.1721937317154441,-1.84745536063886e-05,-6.42425002610991e-05,-0.4308289947280924,-0.41663910911154295,-0.198009018989053,0.4878457669740151,1193,0.6453546453546454,mom63s5,USDCHF
0.37707362634378533,1.7016245543025373e-05,-2.5889951329961177e-05,-0.43118593732099936,-0.5107690742560057,-0.19817306981553348,0.039396479463537304,1193,0.6903096903096904,month12,AUDJPY
-1.527410105838587,-6.1892838175115e-05,-1.2337069584002018e-05,-0.4380825148530987,-0.4130590092129598,-0.2013427370575788,0.03604358759430008,1193,0.6003996003996004,month12,USDCAD
-1.4419826788457144,-3.81651638841691e-05,-1.598445814262004e-05,-0.44096215460826527,-0.5099821238754647,-0.20266621957602504,0.03604358759430008,1193,0.5314685314685315,month02,EURUSD
-0.30971095185524183,-4.708131220911451e-05,-8.598868181864072e-05,-0.44844011799780026,-0.4739608872009875,-0.20610309177570693,0.4786253143336127,1193,0.6533466533466533,mom21,AUDUSD
1.5432074133311728,2.510873313762836e-05,-1.4904555077435455e-05,-0.4492093581824034,-0.46007827025387615,-0.2064566345877833,0.04274937133277452,1193,0.4355644355644356,month04,EURCHF
-0.22714513359327632,-1.183609440577279e-05,-3.686784193917646e-05,-0.4527281779712682,-0.45148586131614304,-0.20807388426902199,0.07879295892707461,1193,0.5994005994005994,shock_drift,EURJPY
-0.1858847752490474,-5.825515974889778e-06,-2.0570188749976096e-05,-0.4534132399734987,-0.42435430844614636,-0.2083887387859376,0.050293378038558254,1193,0.44955044955044954,month06,USDCHF
1.0303459031750055,4.252085023363174e-05,-1.4245621409357939e-05,-0.45477873019542886,-0.495286473558162,-0.20901631813317761,0.04945515507124895,1193,0.6043956043956044,month03,USDCAD
-0.6764558130470081,-3.2363518880407e-05,-2.3357157335125245e-05,-0.4548484470031715,-0.4485509734346244,-0.20904835998012175,0.038558256496227995,1193,0.44255744255744256,month08,NZDUSD
-0.004615017072319854,-7.954298448105108e-07,-9.318576987487741e-05,-0.4564919601883285,-0.5004743618757556,-0.20980371868965775,0.501257334450964,1193,0.6303696303696303,mom21s5,AUDJPY
-1.1693479724481957,-0.00012704027885135493,-5.049923347326798e-05,-0.4589073105526604,-0.48215633394496843,-0.2109138137900538,0.490360435875943,1193,0.6673326673326674,mom252,USDCAD
0.14404671012141773,1.7924874998093857e-05,-7.68504567808535e-05,-0.4615058597610238,-0.4617577042148548,-0.21210810708469982,0.4853310980720872,1193,0.5884115884115884,rev1,EURJPY
0.14404671012141773,1.7924874998093857e-05,-7.68504567808535e-05,-0.4615058597610238,-0.4617577042148548,-0.21210810708469982,0.4853310980720872,1193,0.6023976023976024,gap_fade,EURJPY
0.3800698405184714,2.2108689857843202e-05,-3.263404715030316e-05,-0.467267110927916,-0.46213252081063033,-0.21475597829500642,0.09136630343671416,1193,0.5534465534465535,turn_of_month,GBPUSD
0.783273074000641,4.858002986458892e-05,-4.024685608931142e-05,-0.4687919524069611,-0.4407907306391975,-0.21545679548482924,0.05113160100586756,1193,0.6873126873126874,first_week,AUDJPY
0.8536648948725017,2.8256433123416725e-05,-1.9443333853599514e-05,-0.4757123168410373,-0.48463665291315,-0.2186373951877415,0.041911148365465216,1193,0.5424575424575424,month01,EURUSD
-0.3098843198304127,-1.4393943134033559e-05,-2.348772105914873e-05,-0.4808044497452864,-0.5741454543097323,-0.22097773962432846,0.028499580888516344,1193,0.5024975024975025,month10,GBPUSD
-0.9016259727135852,-3.242901933454362e-05,-1.941424811436781e-05,-0.48202869044731855,-0.594671750092996,-0.2215404006879573,0.04358759430008382,1193,0.5174825174825175,month02,GBPUSD
-0.2876723483656856,-1.9116697539450095e-05,-4.223012337238326e-05,-0.4952087456628125,-0.5039306931939964,-0.22759795446306613,0.09555741827326068,1193,0.5394605394605395,dow_Tue,AUDUSD
1.4285980797627555,7.66138968505235e-05,-3.4847247260295125e-05,-0.49544806170827405,-0.5500748351708686,-0.22770794412478815,0.26236378876781224,1193,0.44755244755244755,rsi2,EURCHF
-0.09094635031699556,-1.431620894435648e-05,-9.694908706828314e-05,-0.5098006567395236,-0.5416591193482173,-0.23430439723463165,0.501257334450964,1193,0.6353646353646354,mom5,NZDUSD
0.832456898237937,2.46905262982563e-05,-1.397909095714931e-05,-0.5128311175113828,-0.4977322475526744,-0.235697197096905,0.04526404023470243,1193,0.5494505494505495,month07,EURGBP
-1.2574392046683984,-3.7604593914062476e-05,-1.9123397542889266e-05,-0.5139732508203196,-0.6054668061647867,-0.2362221216001874,0.03269069572506287,1193,0.5214785214785215,month10,EURUSD
1.2514456096166813,3.794130122143362e-05,-1.381233835629605e-05,-0.5143437774426783,-0.5191195379004234,-0.23639241564701421,0.04274937133277452,1193,0.5524475524475524,month05,EURGBP
-0.8736753357792493,-9.663792664957507e-05,-9.571407894604934e-05,-0.5213239941615785,-0.5114307914127898,-0.2396005234618393,0.537300922045264,1193,0.7032967032967034,mom126,USDJPY
-0.8736753357792493,-9.663792664957507e-05,-9.571407894604934e-05,-0.5213239941615785,-0.5114307914127898,-0.2396005234618393,0.537300922045264,1193,0.6973026973026973,volmom126,USDJPY
-0.4250414247226696,-5.315523046104633e-05,-8.563831125023474e-05,-0.5233918299021733,-0.8154034294270831,-0.24055090083067004,0.4895222129086337,1193,0.7922077922077922,mom21s5,EURGBP
-1.193426505826763,-3.836346429118156e-05,-1.7426243036354526e-05,-0.5265814023240405,-0.5637891609719564,-0.24201682841209254,0.04358759430008382,1193,0.6253746253746254,month05,USDCAD
-0.4767304301805846,-1.465346585517673e-05,-3.243031730047028e-05,-0.5266957010902444,-0.6450297465226417,-0.242069360128492,0.040234702430846606,1193,0.6943056943056943,month12,USDJPY
0.3526795619738251,5.1742721673660915e-05,-8.251839584281249e-05,-0.5269744964627866,-0.5546808667766425,-0.2421974944901326,0.48700754400670576,1193,0.6993006993006993,mom5,GBPUSD
0.42531648672738154,5.263378144494946e-05,-9.695680260494221e-05,-0.5286217662066888,-0.5411528787208353,-0.2429545797141814,0.5020955574182733,1193,0.6263736263736264,rev1,USDJPY
0.42531648672738154,5.263378144494946e-05,-9.695680260494221e-05,-0.5286217662066888,-0.5411528787208353,-0.2429545797141814,0.5020955574182733,1193,0.6313686313686314,gap_fade,USDJPY
-0.0844834570953153,-1.2151121054614445e-05,-0.00010058054439830395,-0.5288255265531393,-0.5445249627926012,-0.2430482279755641,0.471081307627829,1193,0.7362637362637363,mom252,NZDUSD
-0.6952750484024812,-2.8896751580706714e-05,-2.7705442705621317e-05,-0.5436710867974577,-0.6048707666089244,-0.24987124791222268,0.039396479463537304,1193,0.4965034965034965,month09,AUDUSD
0.5401361524688009,1.3251935345716696e-05,-3.2700217194622844e-05,-0.5451930219824715,-0.5336879635655739,-0.250570729369221,0.04777870913663034,1193,0.46553446553446554,month04,USDCHF
-1.376056565355926,-2.945208947669519e-05,-1.4931591912315255e-05,-0.5499979414237188,-0.5691146256479847,-0.2527790704895378,0.04442581726739313,1193,0.4225774225774226,month05,EURCHF
-0.09428312973713662,-1.5029277362408353e-05,-0.0001125624013666684,-0.5514759194998993,-0.5796551731932417,-0.25345834925798866,0.5046102263202011,1193,0.7152847152847153,mom252s5,AUDJPY
-0.6686377541454358,-8.755066150081621e-05,-8.333473569880366e-05,-0.5604494417915833,-0.5768147796637766,-0.25758258037426757,0.2338642078792959,1193,0.5404595404595405,rsi2,AUDJPY
1.7406336713346306,6.44754128620377e-05,-2.4714483378841542e-05,-0.5628810744001542,-0.6278551841770741,-0.25870015879460756,0.020955574182732608,1193,0.5294705294705294,bb_lower20,USDJPY
-1.5266524816851925,-9.118008833239639e-05,-2.9910615882327068e-05,-0.5651282420030196,-0.5744006279302287,-0.2597329570927541,0.041911148365465216,1193,0.6853146853146853,dow_Fri,AUDJPY
0.3614099795063926,5.7652322028043794e-05,-0.00011647585287405783,-0.5706215938604389,-0.5938907777303671,-0.26225770177233587,0.5188600167644594,1193,0.7242757242757243,mom252,AUDJPY
-0.8891156276207574,-0.00011024222317595366,-9.776601341632388e-05,-0.5872388965499095,-0.6118725470409637,-0.26989501459029713,0.5088013411567477,1193,0.6863136863136863,mom21,EURJPY
-0.21597362749952495,-1.1896549989634606e-05,-2.5525976847361244e-05,-0.5896363339866729,-0.5680342483073357,-0.2709968769086417,0.09052808046940486,1193,0.5824175824175825,turn_of_month,EURGBP
-0.48210736626525036,-2.156886784785212e-05,-3.462800128129496e-05,-0.5990402613378929,-0.5991034670727832,-0.2753189222032825,0.09136630343671416,1193,0.6103896103896104,dow_Mon,EURUSD
0.38163020089256416,2.077528242281762e-05,-2.7978232666621435e-05,-0.6024605876530118,-0.5779325407275531,-0.27689090428101293,0.06957250628667226,1193,0.5944055944055944,shock_drift,USDCAD
-0.5378205188718302,-2.9616868396030688e-05,-5.5158838730776566e-05,-0.6187124957322078,-0.6294857938980896,-0.2843602817250562,0.0989103101424979,1193,0.7912087912087912,turn_of_month,USDJPY
-0.056872149659166156,-2.156235417219433e-06,-2.244827166946666e-05,-0.6230949012688836,-0.5547503399958904,-0.28637443544207103,0.036881810561609385,1193,0.5234765234765235,month08,GBPUSD
0.25222705348520846,1.032472949036839e-05,-2.3058412381979705e-05,-0.6252455937426608,-0.6249255633281768,-0.28736289376797486,0.04274937133277452,1193,0.6333666333666333,dow_Fri,USDCAD
-1.8188616517930718,-6.0117404538668305e-05,-2.5489501772259006e-05,-0.625390457858904,-0.6330150562991035,-0.2874294733201755,0.10226320201173512,1193,0.36063936063936064,dow_Thu,EURCHF
-0.26714542777212036,-1.9074335907535413e-05,-6.296239442153559e-05,-0.625908262143841,-0.6558247405190182,-0.28766745618517137,0.48030176026823135,1193,0.7212787212787213,mom63,EURCHF
-0.26714542777212036,-1.9074335907535413e-05,-6.296239442153559e-05,-0.625908262143841,-0.6558247405190182,-0.28766745618517137,0.48030176026823135,1193,0.7252747252747253,volmom63,EURCHF
-1.180479840803528,-0.00016143497773702772,-0.00010296232154661648,-0.6575291780811248,-0.6951685238686417,-0.30220043010497105,0.4945515507124895,1193,0.7622377622377622,mom126,GBPUSD
-1.180479840803528,-0.00016143497773702772,-0.00010296232154661648,-0.6575291780811248,-0.6951685238686417,-0.30220043010497105,0.4945515507124895,1193,0.7482517482517482,volmom126,GBPUSD
0.028114675518666477,5.644052795117496e-07,-2.162576685583113e-05,-0.6725864784623018,-0.6186976282500781,-0.3091207658149249,0.04777870913663034,1193,0.4385614385614386,month06,EURCHF
-1.1315441916373907,-3.2612637698919724e-05,-2.7005064307829146e-05,-0.6772145424448784,-0.7625002628230287,-0.31124782416109525,0.03520536462699078,1193,0.5694305694305695,month09,EURUSD
0.1301065661485285,5.768994472102743e-06,-3.5941216794303857e-05,-0.6894195397720431,-0.671470156772396,-0.316857241301279,0.04526404023470243,1193,0.7522477522477522,first_week,EURJPY
0.37270326953704824,1.9180065335838342e-05,-5.453803504845848e-05,-0.6943882205459172,-0.7322871003888614,-0.3191408471350171,0.09052808046940486,1193,0.6243756243756243,ma_bounce63,USDCHF
1.6493874645182751,0.0002718107915739314,-0.00012574006271151296,-0.7105645729255502,-0.6821751790741752,-0.32657549917725925,0.47778709136630343,1193,0.7382617382617382,mom5,GBPJPY
-0.3435258299990377,-4.008286682980985e-05,-0.0001176921940461675,-0.7192695848119146,-1.1038358130818968,-0.33057632290314365,0.4786253143336127,1193,0.8651348651348651,mom126,EURGBP
-0.3435258299990377,-4.008286682980985e-05,-0.0001176921940461675,-0.7192695848119146,-1.1038358130818968,-0.33057632290314365,0.4786253143336127,1193,0.8911088911088911,volmom126,EURGBP
-0.4021978007518883,-4.7678591161186795e-05,-7.984384541925357e-05,-0.7257996556170168,-0.7880187262649965,-0.33357754364239167,0.48700754400670576,1193,0.7412587412587412,mom21,USDCAD
0.1326450783951135,1.8814950652397222e-05,-0.00011460029580186093,-0.7317435477432644,-0.7536153425089683,-0.3363093566431342,0.49622799664710815,1193,0.7752247752247752,mom63s5,GBPUSD
-1.103552453050174,-0.00011515408942036376,-0.00010951381547602891,-0.7345766043535087,-0.7411189765768046,-0.33761142954676726,0.48197820620285,1193,0.7732267732267732,volmom126,USDCHF
-1.103552453050174,-0.00011515408942036376,-0.00010951381547602891,-0.7345766043535087,-0.7411189765768046,-0.33761142954676726,0.48197820620285,1193,0.7582417582417582,mom126,USDCHF
0.3601061360158659,1.707900152374494e-05,-5.057120127235176e-05,-0.7694378285796776,-0.7723302881790559,-0.35363364925400326,0.08382229673093043,1193,0.6063936063936064,turn_of_month,EURUSD
-1.0967018153718646,-3.948948478266427e-05,-4.2244566634512014e-05,-0.7869849100600542,-0.7661291804695759,-0.36169828843234647,0.051969823973176864,1193,0.4355644355644356,first_week,USDCHF
-1.3762451619893017,-0.00015072401029751935,-0.0001305254210081645,-0.7977471512520842,-1.1825379056089134,-0.3666446148092477,0.48113998323554064,1193,0.936063936063936,mom252,EURGBP
-0.2744522487149863,-2.137357577088959e-05,-7.16221274067148e-05,-0.7978842258995887,-0.708627586533379,-0.36670761432138077,0.06119027661357921,1193,0.6563436563436563,shock_drift,AUDJPY
-1.0523740110987683,-0.00011542939149457875,-9.188566692544706e-05,-0.7997315165902903,-0.7888400004317255,-0.36755662917861964,0.24559932942162616,1193,0.6493506493506493,rsi2,GBPUSD
0.17061653734480722,1.8790291139947245e-05,-0.00011235582055816416,-0.799797718910688,-0.8312121453629375,-0.3675870557670738,0.47694886839899414,1193,0.7652347652347652,mom63s5,EURUSD
0.47964128544764245,1.3610471432958489e-05,-2.9705164783576874e-05,-0.8111246225670211,-1.0272831628330876,-0.3727929010296229,0.03436714165968147,1193,0.6093906093906094,month11,USDCAD
0.0430727271459251,3.0757294453646236e-06,-7.093377321110966e-05,-0.8174475306850029,-0.823411503487314,-0.3756989097916137,0.10310142497904443,1193,0.45554445554445555,dow_Tue,NZDUSD
-0.6995595094654934,-8.531745004038404e-05,-0.00013641346662555801,-0.8193783618666133,-0.8601076439541565,-0.37658631986099733,0.4979044425817267,1193,0.7632367632367633,mom63,EURJPY
-0.6995595094654934,-8.531745004038404e-05,-0.00013641346662555801,-0.8193783618666133,-0.8601076439541565,-0.37658631986099733,0.4979044425817267,1193,0.8021978021978022,volmom63,EURJPY
-0.6676744086409239,-7.919995352323453e-05,-0.00010688905646602401,-0.8222110475623539,-0.8353227657038483,-0.3778882222923133,0.24476110645431684,1193,0.5864135864135864,rsi2,NZDUSD
0.5099782410534665,1.7326686975695873e-05,-3.467742768004183e-05,-0.8249441443347643,-0.8181678847304819,-0.3791443536514589,0.024308466051969825,1193,0.5654345654345654,bb_lower20,USDCHF
-1.0336559190871577,-4.1591268097853104e-05,-2.2731810484444288e-05,-0.8266928572114597,-0.9516122306632144,-0.37994806214240323,0.030176026823134954,1193,0.5634365634365635,month11,EURGBP
0.6637148413017576,8.196863793972355e-05,-0.00015350636688306557,-0.8361520127937875,-0.8314910184243224,-0.38429549033372923,0.47694886839899414,1193,0.7672327672327672,rev5,USDJPY
0.46361966907177066,4.856129284872191e-05,-0.00011818591696719356,-0.8415067109504375,-0.8852803133563317,-0.3867565097682498,0.47611064543168485,1193,0.7942057942057942,mom126s5,EURUSD
-1.1103948061997286,-6.135800977222976e-05,-5.6337890462345576e-05,-0.8420135411378671,-0.9371237670504282,-0.38698944893769976,0.07041072925398156,1193,0.42357642357642356,last_week,NZDUSD
0.9704594469178062,6.781970069136147e-05,-8.540805027068473e-05,-0.8491335268398721,-0.867512755588722,-0.39026179458138116,0.4920368818105616,1193,0.7872127872127872,mom126s5,EURCHF
-0.26746835727920226,-5.440838918825634e-06,-1.9332992164078557e-05,-0.8543210223007003,-0.994969388011803,-0.392645967651852,0.03436714165968147,1193,0.46653346653346656,month11,EURCHF
-0.9140814670552647,-3.297408204855638e-05,-2.1037080645620683e-05,-0.8565597667102043,-0.9321623914417103,-0.39367489465007527,0.04610226320201174,1193,0.6053946053946054,month01,EURGBP
-0.6413172463942546,-3.545772242429568e-05,-4.014875426473889e-05,-0.857714685835126,-0.8561009644755103,-0.3942056955147705,0.0997485331098072,1193,0.7412587412587412,dow_Tue,USDCAD
-0.40136501825602383,-1.8558989280015976e-05,-5.0639974807204664e-05,-0.8846074752194244,-0.9043097545295622,-0.40656562232801785,0.03520536462699078,1193,0.5844155844155844,month09,GBPUSD
-1.3571990732253956,-7.317513673139178e-05,-8.890556607171265e-05,-0.8893518057064813,-0.9339874257851799,-0.40874611676315886,0.08885163453478626,1193,0.8131868131868132,shock_drift,EURGBP
-0.6512781068461626,-4.0159999374719304e-05,-4.536815189862737e-05,-0.897810354077543,-0.9111140486408527,-0.41263366584996625,0.0980720871751886,1193,0.5844155844155844,dow_Wed,EURGBP
-1.2489173866382175,-0.00015270545278342368,-0.00014713335549626096,-0.8993273428175372,-1.4031217410398105,-0.4133308739206841,0.4853310980720872,1193,0.938061938061938,volmom63,EURGBP
-1.2489173866382175,-0.00015270545278342368,-0.00014713335549626096,-0.8993273428175372,-1.4031217410398105,-0.4133308739206841,0.4853310980720872,1193,0.9240759240759241,mom63,EURGBP
0.5024199433506897,5.990112614327594e-05,-0.00010119363825951922,-0.9197025731266806,-0.950787464133668,-0.42269533038614504,0.4752724224643755,1193,0.7752247752247752,rev5,USDCAD
0.0665082457413439,2.924380160259609e-06,-4.709963366253621e-05,-0.9228395992056282,-0.8878200059481048,-0.4241371076667747,0.041911148365465216,1193,0.5284715284715285,month06,AUDUSD
-1.0576105040713457,-5.816351300883952e-05,-5.779228337664775e-05,-0.9497856491915814,-0.942798050710611,-0.4365215130541512,0.04442581726739313,1193,0.7392607392607392,first_week,GBPJPY
1.1176205423733,5.4977115993112534e-05,-5.3465364146255715e-05,-0.9606894556392669,-0.981692624136202,-0.44153290282682744,0.06370494551550712,1193,0.5264735264735265,last_week,GBPUSD
-0.48655188872265126,-8.026367188677078e-05,-0.0001710800464035469,-0.9669546107663344,-1.0200037619678703,-0.4444123683124496,0.49622799664710815,1193,0.7902097902097902,rev1,GBPJPY
-0.48655188872265126,-8.026367188677078e-05,-0.0001710800464035469,-0.9669546107663344,-1.0200037619678703,-0.4444123683124496,0.49622799664710815,1193,0.7912087912087912,gap_fade,GBPJPY
0.004556801777090748,3.41390004556558e-07,-8.384017933803826e-05,-0.9759706186643143,-0.9600326665309175,-0.4485561258146653,0.09220452640402348,1193,0.8301698301698301,turn_of_month,GBPJPY
1.4481270480288149,9.033019783570013e-05,-7.429707200232425e-05,-0.9980668725754506,-0.8839398454445294,-0.45871156477958097,0.06705783738474434,1193,0.8001998001998002,last_week,GBPJPY
-0.8703544583052907,-0.00010892227751627682,-0.00016597619888343836,-1.0147746234366732,-1.5536706437059804,-0.4663904475800113,0.46018440905280805,1193,0.922077922077922,mom21,EURGBP
-0.09210414588306608,-7.392267941184258e-06,-9.072569528573661e-05,-1.025340489991281,-1.0446306386633681,-0.47124652016762225,0.10058675607711651,1193,0.8591408591408591,dow_Thu,GBPJPY
-0.3895178018280596,-5.3093129006785494e-05,-0.00016234605857117214,-1.0368264060461614,-1.088770035619688,-0.47652544753334625,0.4895222129086337,1193,0.8761238761238761,mom126s5,GBPUSD
-0.31247690089286756,-1.3745485429516299e-05,-5.3015047033292666e-05,-1.0497025374973454,-1.0775328596220377,-0.482443317937199,0.03352891869237217,1193,0.47652347652347654,month10,NZDUSD
-0.20595741993419456,-3.2157207164964136e-05,-0.00020069708742059104,-1.0550512162996966,-1.084825052540601,-0.484901570876302,0.4744341994970662,1193,0.8391608391608392,mom21s5,NZDUSD
-0.39305319985450077,-5.949877074812963e-05,-0.0002030063229947926,-1.0587974092515928,-1.157314402592377,-0.4866233212701371,0.48365465213746855,1193,0.8611388611388612,mom21s5,AUDUSD
-3.6093650596982885,-0.0001749488326678431,-4.5468829781347236e-05,-1.062819568721059,-1.0812443764968231,-0.4884719058837823,0.09555741827326068,1193,0.5924075924075924,dow_Tue,EURGBP
-1.2564388303982907,-7.52207054786951e-05,-8.518624547024508e-05,-1.064440930601717,-1.0509983893992003,-0.4892170838531014,0.09304274937133278,1193,0.5834165834165834,dow_Mon,AUDUSD
1.4303868665321167,5.170890206400976e-05,-3.9549252219887456e-05,-1.0816592943608878,-1.0795146434972247,-0.4971306443568504,0.03436714165968147,1193,0.7372627372627373,month11,EURJPY
1.9487584497324766,0.00014137548544948273,-0.00010895799593442604,-1.0834112573216228,-1.1415566003359003,-0.49793584658651746,0.4953897736797988,1193,0.8121878121878122,rev5,EURCHF
-0.5862734318139929,-2.08082601010728e-05,-5.035841150281833e-05,-1.1032836183923431,-1.068853213340652,-0.5070691843348113,0.03520536462699078,1193,0.5504495504495505,dow_Fri,EURUSD
-1.1479921027116957,-3.2626139060356955e-05,-4.5440881580666065e-05,-1.107414708638061,-0.9345872358603653,-0.5089678335365116,0.04861693210393965,1193,0.46153846153846156,month07,USDCHF
0.239829686794902,2.8332112935129197e-05,-0.0001251255407670053,-1.137595872598872,-1.2171367189047333,-0.5228390974044407,0.4878457669740151,1193,0.8651348651348651,mom21s5,USDCAD
-0.8334137937340674,-9.116750936037993e-05,-0.00011792096342602994,-1.1421996211076848,-1.1700130883902538,-0.5249549803581347,0.40737636211232187,1193,0.7932067932067932,spx5,USDCAD
-0.3539803156542234,-1.354132862223648e-05,-7.467586053324312e-05,-1.151596641325333,-1.0918823364915526,-0.5292738511339773,0.04610226320201174,1193,0.7492507492507493,first_week,USDJPY
-1.5418479752539667,-6.264713224817809e-05,-5.778768134609872e-05,-1.162375605266074,-1.19177340031583,-0.5342278632866914,0.040234702430846606,1193,0.7372627372627373,dow_Fri,EURJPY
-0.6502851645491851,-2.9528542490772684e-05,-6.613620553025074e-05,-1.1731348901604672,-1.1816164294805618,-0.5391728309491094,0.036881810561609385,1193,0.47952047952047955,month09,NZDUSD
0.7547885130015269,8.534719861065301e-05,-0.00012951678874390156,-1.1778711432476092,-1.236061703528148,-0.5413496130110056,0.48365465213746855,1193,0.8901098901098901,mom126s5,USDCAD
0.4105635934670698,4.608005480244144e-05,-0.00016652948852618078,-1.1863907543485037,-1.274122553164799,-0.5452652265302885,0.4786253143336127,1193,0.8101898101898102,rev1,EURUSD
0.4105635934670698,4.608005480244144e-05,-0.00016652948852618078,-1.1863907543485037,-1.274122553164799,-0.5452652265302885,0.4786253143336127,1193,0.8011988011988012,gap_fade,EURUSD
0.3413779515801506,1.4484685801817989e-05,-5.804222372619614e-05,-1.207892911393707,-1.169352606530272,-0.5551476185576781,0.04274937133277452,1193,0.4725274725274725,month06,NZDUSD
-0.061661926355325226,-3.0198985065382356e-06,-7.924378018215515e-05,-1.2100671839415833,-1.22093267772866,-0.5561469142863501,0.10561609388097234,1193,0.4945054945054945,dow_Tue,USDCHF
-1.0234076682472555,-4.6623644244616914e-05,-7.407835809227555e-05,-1.2139334136947373,-1.1976720273004409,-0.5579238335976687,0.0997485331098072,1193,0.4745254745254745,dow_Mon,USDCHF
-1.5880976340919353,-5.3158258083364855e-05,-4.067943356941341e-05,-1.2145467990572716,-1.2186495725282462,-0.5582057455288151,0.03352891869237217,1193,0.4695304695304695,month12,USDCHF
-1.3801798516238906,-4.15324994338136e-05,-5.3825454430038155e-05,-1.2174956129378958,-1.1238108613570457,-0.559561020477411,0.09555741827326068,1193,0.46053946053946054,turn_of_month,EURCHF
-0.262524164547909,-1.0044053163376251e-05,-6.0430641981440124e-05,-1.250124019620772,-1.3425687754046856,-0.5745570371743133,0.03436714165968147,1193,0.5294705294705294,month10,AUDUSD
-0.8578192915954844,-0.00010606225705834545,-0.0002084462762688774,-1.2523801116509143,-1.3301996413145274,-0.575593937139506,0.5029337803855826,1193,0.9180819180819181,mom21s5,EURJPY
-1.0441800201404565,-4.808896481761334e-05,-4.380239330655927e-05,-1.2702909731112,-1.3221885557011366,-0.5838257696076022,0.06621961441743504,1193,0.6013986013986014,last_week,EURGBP
-1.7857003453592863,-0.0002656863734475868,-0.0002422049355043785,-1.273909885521503,-1.3238111963070154,-0.585489021860677,0.4979044425817267,1193,0.8821178821178821,mom126,NZDUSD
-1.7857003453592863,-0.0002656863734475868,-0.0002422049355043785,-1.273909885521503,-1.3238111963070154,-0.585489021860677,0.4979044425817267,1193,0.8951048951048951,volmom126,NZDUSD
0.011043996066638296,6.445882878142732e-07,-7.519936081192494e-05,-1.27923884771623,-1.299060618143044,-0.5879382130463204,0.08298407376362113,1193,0.6273726273726273,dow_Thu,EURUSD
1.1694104641841834,8.181459819967919e-05,-0.00013035679049020355,-1.296212762864437,-1.3005747415625388,-0.5957394249610874,0.4911986588432523,1193,0.9210789210789211,volmom126,EURCHF
1.1694104641841834,8.181459819967919e-05,-0.00013035679049020355,-1.296212762864437,-1.3005747415625388,-0.5957394249610874,0.4911986588432523,1193,0.9000999000999002,mom126,EURCHF
0.5047605831390499,3.596681299818866e-05,-0.00013142787099117327,-1.3069417677489263,-1.3456522453966595,-0.6006704759300392,0.4895222129086337,1193,0.903096903096903,mom63s5,EURCHF
-2.3291784017793207,-0.00024200119695336607,-0.00019022788520135225,-1.3446477200981715,-1.3001853531826064,-0.6180001327685583,0.4157585917854149,1193,0.8271728271728271,spx5,USDCHF
-0.9319668736082963,-5.83404300182844e-05,-0.0001036593749789576,-1.3804450035949893,-1.3608579304059016,-0.6344525653448557,0.08717518860016764,1193,0.5114885114885115,dow_Mon,NZDUSD
0.24986631761824565,1.3217422110290649e-05,-5.3938418678013046e-05,-1.3916870230001486,-1.411254826700374,-0.6396193978030015,0.09304274937133278,1193,0.6283716283716284,dow_Mon,EURGBP
-0.9883362528083695,-0.0001521181489297885,-0.00026874365357842624,-1.414321942720997,-1.5175655648377486,-0.6500224075903299,0.4895222129086337,1193,0.9150849150849151,volmom63,NZDUSD
-0.9883362528083695,-0.0001521181489297885,-0.00026874365357842624,-1.414321942720997,-1.5175655648377486,-0.6500224075903299,0.4895222129086337,1193,0.9310689310689311,mom63,NZDUSD
-0.1646547187302131,-2.6983302698732296e-05,-0.00025019673932474195,-1.4149675781215536,-1.4970483220364477,-0.6503191416399254,0.4861693210393965,1193,0.9240759240759241,mom21,GBPJPY
-0.8068398768272154,-2.6080168078927737e-05,-6.168370720847074e-05,-1.4292364477128272,-1.4066986138955033,-0.6568771145350272,0.09639564124056998,1193,0.4725274725274725,dow_Mon,EURCHF
-0.08859146247764578,-5.149751726073059e-06,-0.00010992483250102608,-1.4299509082524375,-1.4256822442715025,-0.6572054806206106,0.08382229673093043,1193,0.8881118881118881,turn_of_month,EURJPY
-0.8432715265995694,-0.00012871542245604083,-0.00027473969790192004,-1.433603220180561,-1.483264981665926,-0.6588840832930842,0.4853310980720872,1193,0.9140859140859141,mom5,AUDUSD
-1.3447907070772198,-0.00020005076806896472,-0.00027387203853873745,-1.441030983438894,-1.492078978984046,-0.6622978835109495,0.48700754400670576,1193,0.9430569430569431,mom126s5,NZDUSD
0.15505532942598185,2.3184988447529217e-05,-0.0002770815684716137,-1.4461814656594647,-1.5400976504044903,-0.6646650452950802,0.4861693210393965,1193,0.9430569430569431,volmom63,AUDUSD
0.15505532942598185,2.3184988447529217e-05,-0.0002770815684716137,-1.4461814656594647,-1.5400976504044903,-0.6646650452950802,0.4861693210393965,1193,0.948051948051948,mom63,AUDUSD
-0.32603261254314286,-1.320624845644836e-05,-9.408767933563012e-05,-1.4504176827894102,-1.2768795365315013,-0.6666120108159467,0.04526404023470243,1193,0.6823176823176823,month07,AUDJPY
1.0538858674767717,0.00011634304784358461,-0.0002165072903025205,-1.452835263501438,-1.448743355314664,-0.6677231309842111,0.4945515507124895,1193,0.8661338661338661,gap_fade,USDCHF
1.0538858674767717,0.00011634304784358461,-0.0002165072903025205,-1.452835263501438,-1.448743355314664,-0.6677231309842111,0.4945515507124895,1193,0.8661338661338661,rev1,USDCHF
0.6464475942756479,4.9407297157857094e-05,-0.00012502453743963221,-1.4623457721728774,-1.4222385574229408,-0.6720941610568437,0.07124895222129086,1193,0.7752247752247752,shock_drift,GBPJPY
0.25841079526353417,8.313120738869198e-06,-6.599966580719459e-05,-1.471902379667902,-1.2452155168731756,-0.6764863781501884,0.03185247275775356,1193,0.5074925074925075,month11,USDCHF
-0.9955185018457762,-6.110247245713055e-05,-0.00011126045833027697,-1.478683882108011,-1.3927572107316184,-0.6796031568764794,0.06538139145012574,1193,0.7642357642357642,last_week,AUDJPY
-0.2164964609530537,-1.7424078681327693e-05,-0.00014770993797348132,-1.4825516245113994,-1.5172847295985366,-0.6813807714018915,0.2598491198658843,1193,0.8001998001998002,rsi2,EURUSD
1.2529209027106225,8.389144680097113e-05,-0.00011060023235249782,-1.4881143844738198,-1.3102477308068552,-0.6839374160486279,0.06370494551550712,1193,0.7292707292707292,shock_drift,AUDUSD
-1.5808256813984976,-8.478955338967466e-05,-9.454245905244369e-05,-1.4925637447274538,-1.774066860074621,-0.685982342155579,0.06621961441743504,1193,0.5814185814185814,last_week,AUDUSD
1.2316055251068403,5.626795873435054e-05,-0.00010362652507953806,-1.5297669680051704,-1.3738284001305088,-0.7030809446976399,0.06119027661357921,1193,0.8431568431568431,last_week,EURJPY
-0.378698082137501,-1.0374811436470194e-05,-6.142499670210141e-05,-1.5352865600323182,-1.4985105006939559,-0.7056177493600215,0.06370494551550712,1193,0.4775224775224775,last_week,EURCHF
-2.4035050648318514,-0.0002501360615381215,-0.00023005156879265495,-1.5447080364834238,-1.523409109234041,-0.7099478602214998,0.48030176026823135,1193,0.949050949050949,mom126s5,USDCHF
-0.47677131347226304,-1.5336646612515546e-05,-9.101583299641529e-05,-1.5509848131546016,-1.578218519019512,-0.712832666969146,0.04274937133277452,1193,0.7442557442557443,month07,GBPJPY
0.24215525694237694,1.7542626373839477e-05,-0.0001565314693825873,-1.5570245061693369,-1.496679468550932,-0.7156085100611309,0.48281642917015927,1193,0.9280719280719281,mom21,EURCHF
-1.0654220614284668,-3.391626254632847e-05,-9.820106895617851e-05,-1.5813014270787056,-1.3173757095178014,-0.7267661836442953,0.04526404023470243,1193,0.7532467532467533,month07,USDJPY
1.6275345203270086,6.55213962282393e-05,-8.615668222332993e-05,-1.6029210955837925,-1.506955343518053,-0.7367025839421968,0.03185247275775356,1193,0.7282717282717283,month11,USDJPY
-0.5093481310995253,-7.834401918980551e-05,-0.0002893889390555882,-1.6366769618037833,-1.5544844082879758,-0.752216781076409,0.501257334450964,1193,0.972027972027972,mom126,GBPJPY
-0.5093481310995253,-7.834401918980551e-05,-0.0002893889390555882,-1.6366769618037833,-1.5544844082879758,-0.752216781076409,0.501257334450964,1193,0.9600399600399601,volmom126,GBPJPY
0.4472859348954488,1.8998698480820888e-05,-8.662978036870577e-05,-1.6588930273372908,-1.7661796714469171,-0.7624272854665851,0.06035205364626991,1193,0.6103896103896104,last_week,EURUSD
-1.2193104393994443,-9.33238140333473e-05,-0.00017006679789863865,-1.664139198160967,-1.675747802474527,-0.764838425735593,0.09555741827326068,1193,0.8681318681318682,dow_Thu,AUDJPY
-2.286358260827922,-4.766091789706281e-05,-5.4835734720561184e-05,-1.7497841032643144,-1.7605770943583592,-0.8042008267077636,0.041911148365465216,1193,0.44455544455544455,dow_Fri,EURCHF
-1.0176069284725004,-5.070809865001603e-05,-0.00014516477748012665,-1.7775039265848642,-1.7454492519779143,-0.8169408583430904,0.09471919530595138,1193,0.5654345654345654,dow_Wed,USDCHF
0.35340300562937355,9.766778817416878e-06,-0.00010441868364937518,-1.7986002438136284,-1.6606113987734847,-0.8266367263785874,0.04526404023470243,1193,0.7692307692307693,month07,EURJPY
0.4888195311026737,1.101394413594176e-05,-5.1930349504334144e-05,-1.8006168816977683,-1.843710318927794,-0.8275635732110452,0.04358759430008382,1193,0.4675324675324675,month07,EURCHF
-0.7886588915619932,-5.289563854779071e-05,-0.00018114831208751068,-1.9130485295023558,-1.9096006674120003,-0.8792371619377267,0.4191114836546521,1193,0.9180819180819181,spx5,EURCHF
0.9697821759849423,5.395186186862405e-05,-0.00012588960160984437,-1.9277090682871048,-1.5512305685329102,-0.8859751460059793,0.06286672254819782,1193,0.7452547452547452,shock_drift,NZDUSD
-0.88374764030246,-0.00014459282161466888,-0.00034198276787247427,-1.9350754911974544,-1.9650239632391295,-0.8893607541980588,0.4911986588432523,1193,0.975024975024975,mom21s5,GBPJPY
-1.327123105849992,-0.00020379893661557794,-0.0003680107938034294,-1.937050590490124,-2.153737419072651,-0.8902685098926223,0.48030176026823135,1193,0.9760239760239761,mom63s5,NZDUSD
-0.3522102765134636,-2.5487411930424712e-05,-0.00020114478271994162,-2.002360060456772,-2.107151889999164,-0.9202847442617891,0.48030176026823135,1193,0.973026973026973,mom21s5,EURCHF
-0.7600879901722687,-3.732225102679912e-05,-0.00016388533606493142,-2.118214043986655,-2.2708996645435513,-0.9735312385911787,0.2372170997485331,1193,0.8961038961038961,rsi5,EURCHF
-0.9696022765304686,-0.00012202649377196132,-0.0003891315666716388,-2.3825532500038578,-1.9156770143257054,-1.095021545660334,0.4719195305951383,1193,0.996003996003996,mom5,EURGBP
-2.9906488528560096,-9.652252799698764e-05,-0.0001249741252791934,-2.3843418471866826,-2.379441257025189,-1.0958435849795802,0.08298407376362113,1193,0.6013986013986014,dow_Wed,EURCHF
0.023441292138863628,1.7198748546383622e-06,-0.0001946101115175905,-2.4376689252275217,-2.478839213743767,-1.1203527116577496,0.08549874266554904,1193,0.7592407592407593,dow_Thu,GBPUSD
0.4076172857282517,1.611440151282361e-05,-6.254352492676017e-05,-2.51802493205812,-2.457446800005724,-1.1572843348240278,0.03269069572506287,1193,0.5634365634365635,dow_Fri,EURGBP
-1.066191810571011,-7.670781949701057e-05,-0.00026494537114482174,-2.7530414890841532,-2.8141367481589725,-1.2652979515312308,0.08968985750209556,1193,0.7592407592407593,dow_Thu,AUDUSD
-0.8863102999691712,-6.391138624041706e-05,-0.0002791911833994819,-3.0257349407804144,-3.0870494026974478,-1.3906278701667987,0.08633696563285834,1193,0.6623376623376623,dow_Thu,NZDUSD
