is_t,is_mean,oos_mean,oos_t,oos_nw,oos_sharpe,win,n,p,family,pair,note
,,,7.453614682065393,7.453614682065393,,,2244,,pre_event_drift,USDJPY,"corr(z, T-1h return)=+0.156"
,,0.0007240023514049509,4.776462139166213,3.9099606064114623,2.174401918460902,0.5608552631578947,1216,0.000999000999000999,news_drift_USD,EURUSD,
,,0.0006998587057135969,3.5919837387847924,3.0893259540512594,1.6351885778911284,0.5411184210526315,1216,0.000999000999000999,news_drift_USD,USDJPY,
,,0.00040347722302845027,3.563361468754121,2.911184951186248,1.6221587836517748,0.540296052631579,1216,0.000999000999000999,news_drift_USD,USDCAD,
,,0.0006331885328766994,3.2750100902097605,2.730806996557573,1.4908917972443096,0.522203947368421,1216,0.001998001998001998,news_drift_USD,AUDUSD,
,,0.0005174651875761554,3.138932638567353,2.651092603971678,1.4289448868973613,0.5419407894736842,1216,0.001998001998001998,news_drift_USD,GBPUSD,
-1.9134990522378317,-0.000106119840368164,0.00013643688935417684,2.8205526206625056,2.8205526206625056,10.78052539832657,0.572463768115942,414,,hour18,USDJPY,
-0.0597842722932125,-4.375457780639419e-06,0.0001700247316139528,2.587483560860607,2.587483560860607,9.91367968321273,0.5242718446601942,412,,hour14,EURUSD,
1.1776857463112076,3.7875792529480206e-05,0.0001192904006653,2.5333498845474205,2.262109738698079,1.1643276834509593,0.0494551550712489,1193,0.6113886113886113,month10,USDJPY,
0.0242278020221221,8.484879057486302e-07,9.97322648449778e-05,2.335523378173215,2.263357527824711,1.073406615146561,0.0452640402347024,1193,0.6363636363636364,month10,EURJPY,
-0.9797370316999275,-7.340311511268138e-05,0.0001490383392048203,2.257236165971717,2.257236165971717,8.64837043113965,0.5509708737864077,412,,hour14,GBPUSD,
0.7239076343129625,2.327100226006459e-05,6.298789933016154e-05,2.2255918074004497,2.2255918074004497,8.516798638321472,0.4891041162227603,413,,hour02,EURUSD,
0.8489246859593934,3.303030070428205e-05,9.976100781555046e-05,2.2199907493993054,2.0099257121753418,1.0203078154727223,0.055322715842414,1193,0.6653346653346653,month06,EURJPY,
0.8846713214922403,2.555833949453446e-05,0.0001006247661322,2.2122977551870053,2.3281947538625847,1.0167721151004032,0.0561609388097233,1193,0.6373626373626373,month06,USDJPY,
-0.5862281511130916,-8.936389981516284e-05,0.0004034599917263,2.108470650550441,2.1538897036676428,0.9690531746736222,0.5272422464375524,1193,0.0049950049950049,gap_fade,AUDUSD,
-0.5862281511130916,-8.936389981516284e-05,0.0004034599917263,2.108470650550441,2.1538897036676428,0.9690531746736222,0.5272422464375524,1193,0.0049950049950049,rev1,AUDUSD,
0.5497913368045528,6.915387813539341e-05,0.0003390946835909,2.076473475454041,1.673695499208973,0.9543472720329286,0.5188600167644594,1193,0.0069930069930069,rev5,EURGBP,
2.3412029117935114,0.00017784147294411,0.00015168251988504673,2.012692343303605,2.012692343303605,8.04014129020036,0.5567282321899736,379,,hour23,USDJPY,
1.7724290830570395,7.480299699536407e-05,5.753390087772443e-05,1.9943675747413632,2.389841306685666,0.916611397585596,0.0838222967309304,1193,0.2087912087912088,ma_bounce63,EURGBP,
0.42438304807487864,2.313306152553677e-05,9.356030920660779e-05,1.976723391336135,1.976723391336135,7.564439728655334,0.47699757869249393,413,,hour08,EURUSD,
0.1041232770506567,4.739010486289501e-06,8.537115595270314e-05,1.857019492473222,1.7063567587451995,0.8534862148269318,0.055322715842414,1193,0.6603396603396603,month06,GBPJPY,
0.3857086065297698,2.3670413617795357e-05,9.013389436958815e-05,1.8514336610543853,1.8514336610543853,7.093579471595266,0.5776699029126213,412,,hour09,USDJPY,
1.0610375310430649,1.5824032743818016e-05,5.468598973096909e-05,1.830019778816618,1.830019778816618,7.500849029706463,0.475,360,,hour22,EURUSD,
1.2014224144422236,8.13667814788709e-05,6.895615077389556e-05,1.8141039188189825,1.8141039188189825,6.933745262812421,0.5700483091787439,414,,hour19,USDJPY,
0.7399121055292692,3.548154176939288e-05,0.0001107922860858,1.773823453039793,1.9100232096415792,0.815249312590617,0.0435875943000838,1193,0.4115884115884116,month11,NZDUSD,
0.0393064422469644,1.4600760917807818e-06,5.067721342724573e-05,1.7551135983178203,1.493334992569704,0.806650262795318,0.0410729253981559,1193,0.5114885114885115,month09,USDCAD,
0.4718279036263011,2.4187411494722757e-05,9.562342510099308e-05,1.74495686988068,1.8506222227260096,0.8019822300988517,0.0419111483654652,1193,0.6513486513486514,month10,GBPJPY,
3.146592529724268,4.976356124680814e-05,4.1372036111353995e-05,1.687362253049674,1.687362253049674,6.457125017868452,0.48184019370460046,413,,hour21,EURUSD,
0.150744194175289,1.1546769620823423e-05,0.000117153375343,1.669627587628016,1.6455690273958017,0.7673608897004105,0.074601844090528,1193,0.2227772227772227,ma_bounce63,AUDUSD,
0.8241447790468126,2.72787912304212e-05,8.405864723812253e-05,1.6525600073286768,1.850482458537312,0.7595166292793544,0.0544844928751047,1193,0.6613386613386614,month04,EURJPY,
1.568808485968138,0.0002531983167691,0.0003154947246459,1.6429732848809506,1.689114359513068,0.7551105713528384,0.4551550712489522,1193,0.0379620379620379,spx5,AUDJPY,
1.6531703513420857,0.0001355365169462125,0.00011613926439256098,1.616064829007974,1.616064829007974,6.191787768020566,0.5606796116504854,412,,hour07,USDJPY,
-0.6899001179690528,-4.484211552688474e-05,0.0001735588539803,1.6069370345428085,1.6183645136897886,0.738548309609051,0.1039396479463537,1193,0.3226773226773227,dow_Thu,EURGBP,
0.6950486404985813,1.8777494421455495e-05,4.843870774278352e-05,1.567326599415951,1.567326599415951,5.997777761099111,0.4600484261501211,413,,hour20,EURUSD,
3.5755885743566327,0.0005088543919068,0.0002802546031955,1.5485297293112308,1.596023590164685,0.7117043103605837,0.4509639564124057,1193,0.0419580419580419,gold_aud5,AUDUSD,
0.19680331912183924,1.6406238161036694e-05,9.79447984537713e-05,1.5018733475578614,1.5018733475578614,5.754274739233857,0.5194174757281553,412,,hour12,GBPUSD,
1.5526175880888848,0.0002221916182343,0.0002649977049791,1.4647981253399571,1.533626144274295,0.6732212626465003,0.4467728415758591,1193,0.0489510489510489,spx5,AUDUSD,
0.4081794720801747,1.626767342852155e-05,8.344649616407132e-05,1.4615610945005943,1.4389494714746154,0.6717335231749634,0.0544844928751047,1193,0.6603396603396603,month04,GBPJPY,
-2.202187570483415,-9.500255943097982e-05,6.426747165109634e-05,1.428864351727433,1.7447678913641,0.6567060992089021,0.0234702430846605,1193,0.3346653346653346,bb_lower20,AUDUSD,
2.1002040306604446,3.4296879683522374e-05,2.9741186815403067e-05,1.3751609573503474,1.3751609573503474,5.262406578821019,0.5181598062953995,413,,hour21,GBPUSD,
-0.5271650398241636,-5.728634138460172e-05,0.0001691457920492,1.3635873465122583,1.4805568456636986,0.6267047856404928,0.2472757753562447,1193,0.1138861138861138,rsi5,AUDUSD,
1.5672964808999983,4.5603445627493365e-05,3.917393716546127e-05,1.3504894748894456,1.4180025131026683,0.6206850034470621,0.0477787091366303,1193,0.5454545454545454,month10,USDCAD,
-0.1918842757349768,-2.2833150819260556e-05,0.0002451978862703,1.336421246640635,1.3811085925973492,0.6142192453190163,0.539815590947192,1193,0.1018981018981019,mom63s5,USDJPY,
0.3456104555699341,2.0114789086910343e-05,8.506635336222527e-05,1.315822365122518,1.3337118178006566,0.6047519987511563,0.1081307627829002,1193,0.7452547452547452,dow_Mon,EURJPY,
-0.5208747773774913,-2.7805859801354028e-05,3.972077570755854e-05,1.3065691712538283,1.3907458271453317,0.6004992305696388,0.0435875943000838,1193,0.3366633366633366,ma_bounce63,USDCAD,
2.444991829622819,0.0002664262018271,0.0001336863932938,1.298224659681111,1.30019256663932,0.5966640927987945,0.440905280804694,1193,0.0629370629370629,oil_cad5,USDCAD,
0.6476461046745039,2.880645195204948e-05,7.100474197548183e-05,1.2719564964340926,1.4620544034453162,0.5845912441771064,0.0402347024308466,1193,0.4555444555444555,month11,GBPUSD,
-0.3863336801011575,-2.883510587814345e-05,8.788044620144631e-05,1.2642261550101284,1.3063917478861118,0.5810383790251784,0.1139983235540653,1193,0.7012987012987013,dow_Mon,GBPJPY,
-0.4159039663172041,-1.8209428421837128e-05,7.651790359658564e-05,1.2406696887530675,1.394317893088894,0.5702118264219741,0.0385582564962279,1193,0.4955044955044955,month11,AUDUSD,
,,,1.2055969697497388,1.2055969697497388,,,2141,,event_day_vol,EURUSD,event/non-event |r| ratio=1.06
-0.6800871770883252,-8.582815584261299e-05,0.0001829103822125,1.1945538309820256,1.2592438357744289,0.5490169767975986,0.2388935456831517,1193,0.1328671328671328,rsi5,AUDJPY,
0.596759445957579,2.6732440706670055e-05,5.865497784574652e-05,1.1446890160616217,1.2215504092580731,0.5260991063541495,0.0419111483654652,1193,0.6413586413586414,month10,AUDJPY,
0.2889324489533791,2.629661454810235e-05,0.0001251323247326,1.137754434561783,1.1669003124718254,0.5229119724873834,0.2523051131601005,1193,0.1238761238761238,rsi5,EURGBP,
0.2424075637612823,2.895500837992617e-05,0.000208307891229,1.1350433336496455,1.1677255414191934,0.5216659504262836,0.5389773679798826,1193,0.1318681318681318,volmom63,USDJPY,
0.2424075637612823,2.895500837992617e-05,0.000208307891229,1.1350433336496455,1.1677255414191934,0.5216659504262836,0.5389773679798826,1193,0.1318681318681318,mom63,USDJPY,
-0.2392687026746903,-9.92365920411568e-06,6.723482155573333e-05,1.1269981145419077,1.189305610471748,0.5179683674813831,0.046940486169321,1193,0.6483516483516484,month03,EURJPY,
0.4520242312365999,6.895030856498004e-05,0.0002152078034863,1.123017456935624,1.1726416910120072,0.5161388571253103,0.5113160100586757,1193,0.0809190809190809,rev5,AUDUSD,
0.0725933225035168,3.893948738293503e-06,7.385074466924198e-05,1.1005830995257726,1.0837846321408784,0.5058280257821736,0.1089689857502095,1193,0.7262737262737263,dow_Mon,USDJPY,
-0.858310460053804,-0.0001024839145545,0.0001207371374692,1.097677933638521,1.2973024289404054,0.5044928114526501,0.4928751047778709,1193,0.0709290709290709,gap_fade,USDCAD,
-0.858310460053804,-0.0001024839145545,0.0001207371374692,1.097677933638521,1.2973024289404054,0.5044928114526501,0.4928751047778709,1193,0.0709290709290709,rev1,USDCAD,
1.06568965122853,3.833960739620269e-05,3.3736269671174656e-05,1.0950653749592645,1.2319162017308165,0.5032920794047586,0.0368818105616093,1193,0.5044955044955045,month12,EURUSD,
0.720483595696006,4.129493556203988e-05,5.36360381066816e-05,1.081825454641423,1.0244930286089515,0.4972070116268028,0.0326906957250628,1193,0.3616383616383616,ma_bounce63,EURJPY,
-0.4223314058817328,-1.378636501876257e-05,4.817586969595042e-05,1.075334694601267,1.0077331459484185,0.4942238581163112,0.0352053646269907,1193,0.4825174825174825,month11,EURUSD,
-0.9942854162970116,-0.0001084556971164,0.0001598032013413,1.0722267908869263,1.0284257188680654,0.4927954654753345,0.5062866722548198,1193,0.1368631368631368,mom21s5,USDCHF,
-0.0924093082726285,-5.226395657463477e-06,5.567539129924904e-05,1.066010781256178,1.1311404325467491,0.4899385872613047,0.0519698239731768,1193,0.6293706293706294,month03,GBPJPY,
-1.1892576138529547,-5.943279581244828e-05,6.276865289325013e-05,1.0544429850012802,1.1935498066812382,0.4846220277531798,0.0259849119865884,1193,0.3396603396603396,bb_lower20,AUDJPY,
-0.1268140745082555,-5.026071675074025e-06,5.499837253174724e-05,1.0415024636086738,1.1666747045791848,0.4786745637303046,0.0410729253981559,1193,0.6733266733266733,month08,USDJPY,
-0.2555557165747122,-1.336960319843328e-05,5.1070085042391935e-05,1.0404467141455076,1.2426446814979104,0.4781893412451473,0.0419111483654652,1193,0.6173826173826173,month08,AUDJPY,
-1.2520875267819298,-0.0001386297431094,0.000142462410895,1.0350457531007295,1.0458208178357176,0.475707059385846,0.269907795473596,1193,0.1288711288711288,rsi2,AUDUSD,
0.5224103321263848,1.4799225696221506e-05,6.48172714782722e-05,1.0153496901288297,1.1209611899590104,0.4666547482490946,0.0494551550712489,1193,0.6443556443556444,month04,USDJPY,
-1.2412240728034911,-0.0001040077240211,9.099573147857348e-05,1.0149293942165163,1.0064261518854212,0.4664615802351016,0.1081307627829002,1193,0.6673326673326674,dow_Wed,AUDJPY,
0.0992537723050211,3.672027455347641e-06,3.967279429830808e-05,0.9876989399497126,1.1299856191629531,0.4539464626316565,0.0419111483654652,1193,0.6763236763236763,month08,EURJPY,
-0.2919444972892234,-1.976278015957745e-05,5.996068972020678e-05,0.9843389463242068,1.0760497635225077,0.4524022094598945,0.0268231349538977,1193,0.3506493506493506,ma_bounce63,GBPJPY,
0.5470076191073241,2.9080929330293648e-05,5.2837412773334335e-05,0.9823022339733676,0.970027058861253,0.4514661364019354,0.0528080469404861,1193,0.6423576423576424,month06,AUDJPY,
0.3069292195677123,1.3628461664452991e-05,7.385601141304497e-05,0.9787623347781133,0.8966856086534332,0.4498391986248835,0.0930427493713327,1193,0.2867132867132867,shock_drift,USDCHF,
0.2407506112708363,1.2076481460460896e-05,4.90208190005563e-05,0.9682279089602024,0.8785980166941344,0.4449975762008079,0.0536462699077954,1193,0.6373626373626373,month03,USDJPY,
-0.5194678057522961,-1.701200874120024e-05,2.7059064985251687e-05,0.9660195738738778,0.8181030976554801,0.4439826253284363,0.0461022632020117,1193,0.5624375624375625,month06,USDCAD,
0.0069196285910915,3.56416131849414e-07,7.717829046216735e-05,0.9502743105328522,1.105774852120553,0.436746101821358,0.0838222967309304,1193,0.3366633366633366,shock_drift,USDJPY,
1.26438308165056,3.4383129068146334e-05,3.334409381542213e-05,0.9330482926839913,1.0212192557829407,0.4288290234977563,0.0402347024308466,1193,0.4235764235764235,month10,USDCHF,
0.3162237080838022,3.4434161967525223e-05,0.0001527218865543,0.9175179636013188,0.968159432187999,0.4216912837823085,0.5314333612740989,1193,0.1638361638361638,mom252,EURJPY,
-1.959268290391452,-0.0001484895176337,7.77052837527548e-05,0.9129738400709198,0.904273992393236,0.4196028044704942,0.1064543168482816,1193,0.4085914085914086,dow_Wed,AUDUSD,
-0.8341308177373911,-5.5032228220200887e-05,5.809317707666223e-05,0.8883012597903915,0.8362618551678905,0.4082632858283951,0.046940486169321,1193,0.6083916083916084,month03,AUDJPY,
2.058771859900768,5.8908483003579846e-05,2.6406185383493805e-05,0.8776262294593368,0.8776262294593368,3.358462163259388,0.5108958837772397,413,,hour20,GBPUSD,
0.2789693015225561,9.432460841785924e-06,3.968972729010909e-05,0.8226453855969964,0.8578172782852341,0.378087844066153,0.046940486169321,1193,0.6663336663336663,month02,USDJPY,
-0.6860477650857627,-3.407597273908511e-05,3.846834927810127e-05,0.818784794427534,0.9257636578546348,0.3763135162480694,0.0435875943000838,1193,0.6503496503496503,month02,AUDJPY,
-1.4487676976859962,-0.0002470011422327,0.0001660293363895,0.8135214399177801,0.8629710503041025,0.3738944783564212,0.5146689019279128,1193,0.1998001998001998,mom63s5,AUDJPY,
-0.252378703541546,-3.9884372593003806e-05,0.0001485428686961,0.7832660595914124,0.8146867579611057,0.3599891046446408,0.5029337803855826,1193,0.1258741258741259,rev1,NZDUSD,
-0.252378703541546,-3.9884372593003806e-05,0.0001485428686961,0.7832660595914124,0.8146867579611057,0.3599891046446408,0.5029337803855826,1193,0.1258741258741259,gap_fade,NZDUSD,
-0.0827260020324205,-3.438766931829013e-06,1.906554985545473e-05,0.7624411210944303,0.8760069843373464,0.3504179622824671,0.0343671416596814,1193,0.5134865134865135,month12,EURGBP,
0.5817658562110981,1.1824511369506644e-05,3.101855182289281e-05,0.7602111799493428,0.8313365188088466,0.3493930812648355,0.0477787091366303,1193,0.3616383616383616,month03,EURCHF,
-1.1231881610850338,-5.6940257175364026e-05,3.153781681089465e-05,0.7593158472202155,0.8757210435215823,0.3489815863154875,0.0712489522212908,1193,0.5794205794205795,last_week,USDCAD,
0.6607963929626471,2.8127792254121766e-05,4.385486966191734e-05,0.7580200933693702,0.795718906373991,0.3483860578065042,0.0821458507963118,1193,0.3586413586413586,ma_bounce63,EURUSD,
0.3231053320819967,1.4648463867960876e-05,4.746404605037992e-05,0.7542234104648927,0.933345208529988,0.3466411022289379,0.0494551550712489,1193,0.6473526473526473,month05,AUDJPY,
-0.1969956885387714,-6.298450189772499e-06,1.0653888277752353e-05,0.7532655917476195,0.8274815983739279,0.3462008887175508,0.0209555741827326,1193,0.4165834165834166,bb_lower20,EURGBP,
0.7086322826799448,8.908342376375954e-05,0.0001221663000449,0.7476073100130388,1.165378287624964,0.3436003422614445,0.5129924559932942,1193,0.1588411588411588,rev1,EURGBP,
0.7086322826799448,8.908342376375954e-05,0.0001221663000449,0.7476073100130388,1.165378287624964,0.3436003422614445,0.5129924559932942,1193,0.1588411588411588,gap_fade,EURGBP,
0.4096268557689096,1.9995711954249947e-05,6.682446313747903e-05,0.7394984383349709,0.8625688981397848,0.3398735045932979,0.0528080469404861,1193,0.6173826173826173,month04,AUDJPY,
0.8271251068590774,4.614631512503584e-05,4.709798373050192e-05,0.7366309836170274,0.7150170265778075,0.3385556223183274,0.0502933780385582,1193,0.4105894105894105,ma_bounce63,USDJPY,
-0.1552977493728977,-7.160489145734261e-06,3.233350712408585e-05,0.735072087021794,0.8662109606180706,0.337839153396076,0.0393964794635373,1193,0.6663336663336663,month08,GBPJPY,
2.032120945049315,8.865857275969548e-05,3.507650570031564e-05,0.7291285167799519,0.7291407390822244,0.3351074883334159,0.0284995808885163,1193,0.4205794205794206,bb_lower20,GBPJPY,
1.0762144850155329,3.804195353477689e-05,3.30460732886378e-05,0.7219528816563262,0.8310864981623182,0.3318095662138768,0.0402347024308466,1193,0.6463536463536463,month09,USDJPY,
-0.3395008955542146,-1.2816704114648e-05,2.4742545306248457e-05,0.7183821561767133,0.9068230841725704,0.3301684606756027,0.0377200335289186,1193,0.4975024975024975,month09,EURGBP,
-0.3471060805708311,-3.550779725610008e-05,0.0001312368479229,0.7148828357087055,0.7285791516696398,0.3285601728828188,0.5440067057837384,1193,0.2507492507492507,mom252s5,USDJPY,
-0.8916054947120529,-3.5913727600161666e-05,3.66113955061976e-05,0.71213374974054,0.862760450162243,0.3272966928888213,0.055322715842414,1193,0.6823176823176823,month05,GBPJPY,
0.19588013648559294,1.597559990670686e-05,7.054573635540293e-05,0.697893323499999,0.7368966656588857,0.3207517925585752,0.5205364626990779,1193,0.4905094905094905,xs_mom252,BASKET,
-0.1374178089992365,-9.612249854113436e-06,5.644604608115615e-05,0.6870413012239032,0.7405733792589823,0.3157642027927256,0.1031014249790444,1193,0.3336663336663337,ma_bounce63,NZDUSD,
-2.5776668213690104,-0.0001872021178381,6.843429799689844e-05,0.6802395728455175,0.7087700122825947,0.3126381282245918,0.4962279966471081,1193,0.1918081918081918,mom5,EURCHF,
0.0324966868944233,4.713072124909944e-06,0.0001185759233015,0.6700928274620529,0.683594575850677,0.3079746837398966,0.537300922045264,1193,0.1988011988011988,mom252s5,GBPJPY,
-0.9435681332723536,-0.0001165332809911,0.0001224664732327,0.6671954963896712,0.6597325056911777,0.3066430702915239,0.5180217937971501,1193,0.2157842157842157,mom5,USDJPY,
-0.7734088044827763,-9.219904258234938e-05,7.218354977745617e-05,0.6561751003748643,0.6722228712043458,0.3015780959502774,0.5163453478625314,1193,0.2187812187812187,mom5,USDCAD,
2.00641033274881,0.0003147140725065,0.0001094007276548,0.6527441491289974,0.6778735106826786,0.3000012306540544,0.4124056999161777,1193,0.2457542457542457,spx5,GBPJPY,
1.485571253402873,0.0002192279463467,0.0001160008402739,0.6467681882172578,0.6609386674346213,0.2972546788385313,0.4266554903604359,1193,0.1848151848151848,spx5,NZDUSD,
-0.0396712218978074,-4.650735208634564e-06,0.0001074010960589,0.6451100351256852,0.6837099916345476,0.2964925916275645,0.5196982397317687,1193,0.2477522477522477,volmom126,EURJPY,
-0.0396712218978074,-4.650735208634564e-06,0.0001074010960589,0.6451100351256852,0.6837099916345476,0.2964925916275645,0.5196982397317687,1193,0.2477522477522477,mom126,EURJPY,
0.9504564811328868,3.06034250529698e-05,2.4490729066467223e-05,0.6298026356726555,0.6955084036043108,0.2894573103766335,0.0410729253981559,1193,0.4165834165834166,month09,USDCHF,
-0.4197233156581628,-1.4877765796710387e-05,1.6869896845599806e-05,0.6293676382974526,0.6395919033739607,0.2892573855698523,0.0419111483654652,1193,0.5774225774225774,month08,USDCAD,
2.0613396893248197,7.339608621753772e-05,2.2983375668536684e-05,0.605174104555617,0.6458850609298806,0.2781380367314046,0.0251466890192791,1193,0.4585414585414585,bb_lower20,EURJPY,
-0.8563579707802486,-5.05495347154172e-05,5.613216810343196e-05,0.6021369757233253,0.6099636024015866,0.2767421722283551,0.1123218776194467,1193,0.7082917082917083,dow_Thu,USDJPY,
-1.2675670662221408,-0.0001594291827297,9.725492242020424e-05,0.5945205007562311,0.4610768732742366,0.2732416401034436,0.4828164291701592,1193,0.1578421578421578,btc5,EURGBP,
-0.8196717415129705,-9.04316427537123e-05,8.83990200965711e-05,0.5929239613649981,0.605393556295117,0.2725078705510138,0.5062866722548198,1193,0.2337662337662337,btc5,USDCHF,
-0.7053935311420654,-7.22773556389762e-05,0.0001063939578965,0.5795514965074655,0.5953461028875785,0.2663618852986127,0.5389773679798826,1193,0.2967032967032967,mom252,USDJPY,
-1.0585960117205924,-5.82675840587714e-05,2.814312994112773e-05,0.5723577067633615,0.5783474883063883,0.2630556193149536,0.1089689857502095,1193,0.5904095904095904,dow_Thu,USDCAD,
-1.0001462096415863,-0.0001164033463397,6.223513567539571e-05,0.5657358831766125,0.6351055655828369,0.2600122289944896,0.5071248952221291,1193,0.2227772227772227,mom63,USDCAD,
-1.0001462096415863,-0.0001164033463397,6.223513567539571e-05,0.5657358831766125,0.6351055655828369,0.2600122289944896,0.5071248952221291,1193,0.2227772227772227,volmom63,USDCAD,
-1.798371387041659,-0.0002963367586386,9.947235274588816e-05,0.5621582254982691,0.5421689491357934,0.2583679374174695,0.5188600167644594,1193,0.2597402597402597,rev5,GBPJPY,
-0.3932729989752755,-3.55607864197453e-05,5.5487739748075065e-05,0.5547618880794714,0.6547100870891824,0.2549685805164038,0.0419111483654652,1193,0.3816183816183816,ma_bounce63,AUDJPY,
-0.2007536882048398,-3.9058447240568986e-06,1.3766049712309076e-05,0.5499972879183459,0.554886899407427,0.2527787701384487,0.0368818105616093,1193,0.3946053946053946,month10,EURCHF,
0.4595934318172425,1.5959550772469025e-05,2.777590356744149e-05,0.5451807705619595,0.5488324591589758,0.2505650986159836,0.0494551550712489,1193,0.5014985014985015,first_week,EURUSD,
0.9230058346513992,4.108370380976328e-05,3.342786082425254e-05,0.5434072379486206,0.571985300042544,0.2497499829733283,0.0511316010058675,1193,0.3906093906093906,month05,NZDUSD,
0.3176650240332672,2.3090167900791893e-05,5.420344099871266e-05,0.5390947345158001,0.5985310472033231,0.2477679562653565,0.5238893545683152,1193,0.2087912087912088,btc5,EURCHF,
-0.8396619566128615,-2.813465819915558e-05,2.3612130208158783e-05,0.5290222079534159,0.5764192458508612,0.2431386227530714,0.0410729253981559,1193,0.6903096903096904,month02,EURJPY,
-0.6290640884333925,-7.081367332042206e-05,6.544919489004824e-05,0.5263305945488749,0.5683603114226671,0.2419015571510515,0.2623637887678122,1193,0.2727272727272727,rsi5,NZDUSD,
0.0469139686582811,2.891903808606072e-06,3.8782135197834985e-05,0.5105264096320654,0.4893793668166746,0.2346379532859633,0.074601844090528,1193,0.3886113886113886,ma_bounce63,GBPUSD,
1.0038326331978904,2.865977626455835e-05,1.4276988922087005e-05,0.501941399421826,0.7181774418969753,0.2306922823340503,0.0528080469404861,1193,0.5004995004995005,month06,EURGBP,
0.0510951665084721,1.724478267228361e-06,2.2797431555896967e-05,0.4949035929035379,0.5892329012809144,0.2274577062456872,0.0536462699077954,1193,0.7002997002997003,month05,EURJPY,
1.40912336939302,3.796607097361775e-05,1.9558086720302036e-05,0.4925765275106348,0.6185344042789908,0.2263881869208263,0.046940486169321,1193,0.4325674325674326,month02,USDCHF,
-1.187814619983835,-0.0001976358330034,9.928518380408625e-05,0.4864029622431235,0.5150716117603868,0.2235508161374223,0.5171835708298408,1193,0.2897102897102897,mom126s5,AUDJPY,
2.449230235577545,0.00015752906925788933,1.965389782414028e-05,0.45781190143568723,0.45781190143568723,1.7540596642424289,0.5242718446601942,412,,hour02,USDJPY,
-0.314065471314895,-1.2660869757375392e-05,1.7388025090566567e-05,0.455487081720512,0.478771572989459,0.2093418765154997,0.0511316010058675,1193,0.5564435564435565,month01,USDCAD,
1.1921202833988267,7.161270411200689e-05,2.9446958529748933e-05,0.4513402039626287,0.4592456431647095,0.2074359713727313,0.1005867560771165,1193,0.4745254745254745,dow_Tue,GBPUSD,
0.768403119196197,3.205477220759628e-05,2.5433257341175664e-05,0.4410384900949876,0.5252631958444423,0.2027013033680281,0.046940486169321,1193,0.4855144855144855,month05,AUDUSD,
0.7482025354394146,4.958198752146085e-05,4.4130434304670826e-05,0.4386760100100313,0.4446013786054482,0.2016155074496299,0.5004191114836547,1193,0.3086913086913087,mom252s5,EURCHF,
-0.6138397897332278,-1.83826226273142e-05,2.227075520827484e-05,0.436291297285833,0.4537364633711697,0.2005194934095646,0.0528080469404861,1193,0.7032967032967034,month05,USDJPY,
-0.6454091959474964,-7.206572864258112e-05,6.112154216345112e-05,0.4350638055433615,0.4497241671707632,0.1999553381676516,0.4828164291701592,1193,0.2947052947052947,mom21,EURUSD,
-0.4784127222578669,-2.235458618956533e-05,2.034115387313708e-05,0.4284224640562491,0.5017269592401837,0.196902977419591,0.0435875943000838,1193,0.6783216783216783,month02,GBPJPY,
-0.3276614008443898,-2.9575256706846427e-05,5.459609235991138e-05,0.4210991530984782,0.4475838072164148,0.1935371834822188,0.2455993294216261,1193,0.3026973026973027,rsi2,USDJPY,
-0.4301742488589973,-1.6275763151727534e-05,1.6211559388178717e-05,0.4197164841713996,0.43609362039127,0.1929017088015737,0.0377200335289186,1193,0.4485514485514486,month08,USDCHF,
2.2386437458610327,0.000141653848,3.445508391448765e-05,0.4158174254825474,0.4159658499610399,0.1911097013104167,0.1064543168482816,1193,0.7592407592407593,dow_Tue,GBPJPY,
-0.6237259831734682,-9.094013784070384e-05,6.492830026589454e-05,0.4145677798838637,0.4261329096233393,0.1905353641555195,0.4928751047778709,1193,0.3216783216783216,mom21,GBPUSD,
0.0205344494129449,7.9847296305491e-07,1.9800248303836676e-05,0.4137278399279215,0.401991959082388,0.1901493277264004,0.0427493713327745,1193,0.5194805194805194,month04,GBPUSD,
0.4133972782120212,1.1687284914919337e-05,2.0279210115250875e-05,0.4135181293446037,0.408432150534758,0.1900529447359738,0.0368818105616093,1193,0.4995004995004995,month04,EURUSD,
-2.180136263016558,-0.0002660571384566,5.263070704605231e-05,0.4094875239654636,0.4162173223417472,0.1882004783819875,0.2539815590947192,1193,0.3386613386613387,rsi5,GBPJPY,
-1.3588713014946645,-6.473589844021058e-05,2.481641881549595e-05,0.4011940602618872,0.409809223242297,0.1843888022133422,0.1005867560771165,1193,0.5004995004995005,dow_Tue,EURUSD,
0.1089278446715601,5.48659457031418e-06,3.212479303686687e-05,0.4008609156070957,0.3999542682331349,0.1842356889199382,0.1064543168482816,1193,0.7872127872127872,dow_Tue,EURJPY,
-1.557950616544457,-0.000125457612952,3.4073762343760856e-05,0.3872708847918246,0.3855704618101045,0.1779897103467896,0.1056160938809723,1193,0.3566433566433566,dow_Wed,NZDUSD,
-1.2373151424335267,-0.0001982930518118,6.788229266281422e-05,0.3835608607580651,0.3963879255273556,0.1762845831888225,0.5238893545683152,1193,0.3286713286713286,mom63s5,GBPJPY,
0.1091032118066449,5.002338769830496e-06,1.9235508460805237e-05,0.3827111273028319,0.3795820381516047,0.1758940456671335,0.1089689857502095,1193,0.6213786213786214,dow_Mon,USDCAD,
1.7711607904188842,4.990565724489075e-05,1.2473688978405934e-05,0.3764214194850043,0.3811842017448346,0.1730032957640963,0.0435875943000838,1193,0.6043956043956044,month02,USDCAD,
-0.739646245437762,-3.129409125020202e-05,1.994791004804199e-05,0.375878830747948,0.391534802327063,0.1727539219641578,0.0821458507963118,1193,0.3886113886113886,last_week,USDCHF,
-0.4697649635899959,-2.0815398717613897e-05,1.861229444384102e-05,0.3681544618503916,0.3869125058025403,0.1692038017855473,0.0452640402347024,1193,0.4915084915084915,month03,EURUSD,
0.5542578090152626,5.435494325518619e-05,5.1647695492327326e-05,0.3676748014580633,0.375926778565639,0.1689833498547464,0.4886839899413244,1193,0.3266733266733266,mom252,EURUSD,
-0.4799682304038025,-5.614595413691859e-05,6.043540574848352e-05,0.3629555463471662,0.3732335244555445,0.1668143800632458,0.5222129086336965,1193,0.3496503496503496,mom126s5,EURJPY,
0.8890748041137398,3.676014377529504e-05,1.3800880194897625e-05,0.3594454784106095,0.4583009959366569,0.1652011527335922,0.0402347024308466,1193,0.5074925074925075,month12,GBPUSD,
0.2048684108152202,6.519574695698581e-06,1.586283984973377e-05,0.355935005722276,0.3806252491662741,0.1635877393800099,0.0838222967309304,1193,0.4035964035964036,shock_drift,EURCHF,
-0.7809488891410361,-0.0001132907167521,6.29469716704252e-05,0.3556843329797235,0.3534162128936565,0.1634725301799618,0.5322715842414082,1193,0.3446553446553446,mom252,GBPJPY,
-0.0566268664528256,-2.894139381103662e-06,1.1102249228017637e-05,0.3501145832162228,0.3625716823352658,0.1609126730204377,0.0444258172673931,1193,0.5094905094905094,month03,EURGBP,
0.8144370771700447,4.238306822383205e-05,2.698362129017418e-05,0.3443907284712655,0.3608657547738191,0.1582819892067818,0.0569991617770326,1193,0.4715284715284715,first_week,AUDUSD,
1.5829054255246449,6.389473569942164e-05,1.202204779233759e-05,0.3429223014017971,0.3564559640753418,0.1576071000813043,0.0494551550712489,1193,0.5154845154845155,first_week,EURGBP,
2.0083905969416405,0.0002805673666934,5.053224315722548e-05,0.3414928809130545,0.340992332085131,0.1569501383815064,0.4241408214585079,1193,0.3176823176823177,spx5,GBPUSD,
-1.659545242894343,-5.3874080833464135e-05,1.5573284772395475e-05,0.3412510618117597,0.3652066447519698,0.1568389983152478,0.0519698239731768,1193,0.3876123876123876,month01,USDCHF,
-0.5618867009711827,-1.7622011509739276e-05,1.4400239806494826e-05,0.3395273119372834,0.3631027933673245,0.1560467628208773,0.0528080469404861,1193,0.4895104895104895,month05,GBPUSD,
-0.3091826442792889,-2.311272859477749e-05,2.8144059435856783e-05,0.3376895303667654,0.3429504495576367,0.1552021183555621,0.104777870913663,1193,0.7242757242757243,dow_Mon,AUDJPY,
0.503547422738899,7.202640879883629e-05,5.935949789358105e-05,0.3278297391718274,0.3598079549900483,0.1506705580245803,0.4467728415758591,1193,0.2847152847152847,oil_aud5,AUDUSD,
0.2878606305119705,9.190875100166812e-06,1.5453157846073122e-05,0.3268995887951451,0.365741936409046,0.1502430608833644,0.0989103101424979,1193,0.3946053946053946,ma_bounce63,EURCHF,
-0.5717066776783416,-8.389853685464023e-05,5.067783826126907e-05,0.323505542782298,0.3427445946054635,0.148683157233352,0.5079631181894384,1193,0.3116883116883117,rev5,GBPUSD,
0.4193786166562796,2.274310238577047e-05,1.472869511763498e-05,0.3191538346460437,0.3088787735118468,0.1466831120424979,0.0452640402347024,1193,0.6873126873126874,month01,GBPJPY,
-0.2260674653873031,-1.5126015437258072e-05,2.489084911272308e-05,0.3108621380093112,0.3874153027466597,0.1428722480178274,0.1005867560771165,1193,0.4735264735264735,turn_of_month,AUDUSD,
0.8127357874391066,3.4714906313606886e-05,1.3472315753939946e-05,0.3070981238718619,0.3311762039573759,0.1411423070065739,0.0494551550712489,1193,0.4225774225774226,month03,USDCHF,
-0.096523296128439,-5.204750929912256e-06,2.3501998149753325e-05,0.3056292664298163,0.3079624065558854,0.1404672200818469,0.0972338642078793,1193,0.7922077922077922,dow_Thu,EURJPY,
-1.7502546625189337,-9.803686485941153e-05,1.7883922009357302e-05,0.2928725963330549,0.2988148947819375,0.1346042541200947,0.1139983235540653,1193,0.3296703296703296,dow_Thu,USDCHF,
0.3451769752564967,1.0793458474613715e-05,7.304023691167171e-06,0.2903951601455693,0.2696614661848437,0.1334656243735021,0.0385582564962279,1193,0.5174825174825175,month08,EURGBP,
-0.0792334245030555,-1.4763407678436833e-06,8.824541818829702e-06,0.2899997076313883,0.3126362017334498,0.1332838743860409,0.0326906957250628,1193,0.4445554445554445,bb_lower20,EURCHF,
-1.7846189220839694,-7.30872486837141e-05,1.721005508507792e-05,0.2847738596132173,0.2486749967616476,0.130882074479057,0.0720871751886001,1193,0.4235764235764235,shock_drift,EURUSD,
-1.15981980340151,-0.000141934195898,5.106155495257899e-05,0.278092421631472,0.2915970010812244,0.1278112853808521,0.5222129086336965,1193,0.3696303696303696,mom21,USDJPY,
1.022544880818561,0.0001684652799701,4.1883297470601935e-05,0.2366579907763256,0.2407756528721844,0.1087680197084122,0.4962279966471081,1193,0.3456543456543456,btc5,GBPJPY,
0.6771708940496546,3.456798544112334e-05,1.6133685487688327e-05,0.2196933008067515,0.2278408479878476,0.1009710476860235,0.0502933780385582,1193,0.3976023976023976,first_week,NZDUSD,
-1.0703661218685214,-4.3888449090448034e-05,1.025284465132726e-05,0.2093734453437558,0.1989513208613691,0.0962280418035474,0.046940486169321,1193,0.6683316683316683,month01,USDJPY,
0.2470582041386418,2.178249854502009e-05,1.629565875756586e-05,0.2084156160267249,0.2147238173953471,0.0957878234205114,0.248113998323554,1193,0.3746253746253746,rsi5,USDCAD,
-0.2732163966028785,-4.2994228501679535e-05,3.812964064436446e-05,0.2004021152262476,0.2152642116267509,0.0921048182105859,0.4928751047778709,1193,0.3636363636363636,rev5,NZDUSD,
0.5671126218905649,1.871512951519253e-05,7.879236621187918e-06,0.1997646008083887,0.1726579992028266,0.0918118165648836,0.0435875943000838,1193,0.5294705294705294,month07,GBPUSD,
-0.3705969758610914,-1.78561121151648e-05,7.273849583331465e-06,0.1983198163842046,0.2403427411320537,0.0911477935998927,0.0284995808885163,1193,0.4605394605394605,bb_lower20,GBPUSD,
0.672378648661523,7.410428096371988e-05,2.7703396394039645e-05,0.1971954381516669,0.2148760228758436,0.0906310293302596,0.4803017602682313,1193,0.4155844155844156,volmom63,EURUSD,
0.672378648661523,7.410428096371988e-05,2.7703396394039645e-05,0.1971954381516669,0.2148760228758436,0.0906310293302596,0.4803017602682313,1193,0.4155844155844156,mom63,EURUSD,
1.6457954689438672,0.0001920713116697,3.027120638510259e-05,0.1936140406395909,0.1976783292448847,0.0889850189255431,0.4249790444258172,1193,0.3876123876123876,spx5,EURJPY,
-0.2307096649264804,-2.804007497764648e-05,3.535080994033999e-05,0.1925458582297537,0.199312901080771,0.0884940822577204,0.5138306789606035,1193,0.3936063936063936,mom21s5,USDJPY,
-0.1712216381511186,-1.876011259950952e-05,2.0169482531214556e-05,0.1821419340474536,0.1938520951711487,0.0837124383893129,0.2388935456831517,1193,0.3596403596403596,rsi5,GBPUSD,
-0.7670146902030363,-5.5896185355638825e-05,1.788234441238466e-05,0.177777618548401,0.1791480724214111,0.0817065988541361,0.512154233025985,1193,0.2667332667332667,rev1,EURCHF,
-0.7670146902030363,-5.5896185355638825e-05,1.788234441238466e-05,0.177777618548401,0.1791480724214111,0.0817065988541361,0.512154233025985,1193,0.2667332667332667,gap_fade,EURCHF,
-0.9580685810458094,-8.61310055816098e-05,1.785284681929825e-05,0.16672246979574445,0.1761095392086368,0.07662565215352432,0.5138306789606035,1193,0.4965034965034965,xs_mom63,BASKET,
-1.7042798886112216,-0.0001828610435286,2.357761647561588e-05,0.1581506442817453,0.1580637407192628,0.0726860408884015,0.4861693210393965,1193,0.4175824175824176,volmom63,USDCHF,
-1.7042798886112216,-0.0001828610435286,2.357761647561588e-05,0.1581506442817453,0.1580637407192628,0.0726860408884015,0.4861693210393965,1193,0.4175824175824176,mom63,USDCHF,
-1.055869576373937,-6.661639370268002e-05,9.119918996942027e-06,0.1577583067188953,0.1934940741109147,0.0725057225326662,0.0461022632020117,1193,0.5034965034965035,month03,AUDUSD,
1.1385327815427295,4.2794805119850926e-05,7.340363731697077e-06,0.1559867283075237,0.1677187012644851,0.0716915050412941,0.0385582564962279,1193,0.5114885114885115,month12,AUDUSD,
0.1597130888777733,8.676323817656843e-06,8.350795938596954e-06,0.1552716003100974,0.1751653156183109,0.0713628321920785,0.0452640402347024,1193,0.6493506493506493,month01,AUDJPY,
-0.2578006760589859,-1.5736431951302563e-05,6.963511070831232e-06,0.1549984951374114,0.1719162179329435,0.0712373130464636,0.0461022632020117,1193,0.4975024975024975,month03,GBPUSD,
-1.127701675237517,-5.16940542376165e-05,8.690139074906649e-06,0.1544764991357651,0.1530674698482903,0.0709974036683414,0.0528080469404861,1193,0.5044955044955045,first_week,GBPUSD,
-0.3041238203297425,-3.390257408308359e-05,2.1448824509983717e-05,0.1526708211564511,0.1664700341603475,0.0701675140145131,0.479463537300922,1193,0.4015984015984016,mom21s5,EURUSD,
-0.9854213397200674,-9.18550904492335e-05,1.667135798671876e-05,0.1408380638392193,0.1522071704035906,0.064729178394137,0.2422464375523889,1193,0.4095904095904096,rsi2,EURJPY,
0.3858398702864929,1.560313203303555e-05,6.036796490543584e-06,0.1277988429592109,0.1108899370504429,0.0587363520838709,0.0419111483654652,1193,0.4485514485514486,month07,NZDUSD,
0.1570347964662877,5.771103683940712e-06,5.611123827276138e-06,0.1274659345846482,0.1147971658651195,0.0585833473848672,0.0377200335289186,1193,0.6963036963036963,month09,EURJPY,
-0.0598010469994283,-6.985223633613162e-06,2.1085966489769295e-05,0.1208693705838254,0.1227393712047528,0.0555515663708577,0.4375523889354568,1193,0.3846153846153846,spx5,USDJPY,
-0.0045325090097259,-8.441808617719838e-08,3.3198095195399567e-06,0.1138439844111622,0.1187498026343311,0.052322698673719,0.0435875943000838,1193,0.3966033966033966,month02,EURCHF,
-0.6006094399931319,-2.23947911916642e-05,1.5155723761956605e-05,0.1126648154804067,0.2501775353865407,0.0517807525975302,0.0377200335289186,1193,0.5164835164835165,month10,EURGBP,
-0.1502457300858334,-5.049389211359473e-06,2.6950470391693847e-06,0.1094073470333508,0.1262946311191346,0.0502836200008803,0.0402347024308466,1193,0.5474525474525475,month02,EURGBP,
-1.1696992702875824,-3.6182552179737285e-05,3.0148637859577973e-06,0.0996946754639717,0.1177635688534907,0.0458196758542488,0.046940486169321,1193,0.5774225774225774,month07,USDCAD,
0.2142015668019567,2.605678746984417e-05,1.561484399966742e-05,0.0937581967537577,0.0984484358754071,0.0430912700597391,0.5113160100586757,1193,0.4585414585414585,mom63s5,EURJPY,
0.2596519887321099,1.156451785846594e-05,4.438652180944124e-06,0.0914588351901359,0.0783473522513497,0.0420344834156526,0.0393964794635373,1193,0.6703296703296703,month09,AUDJPY,
-1.0796185277723287,-6.416697767431256e-05,4.449498955756319e-06,0.0845314411552877,0.1010025668122274,0.0388506529080132,0.0997485331098072,1193,0.6503496503496503,turn_of_month,USDCAD,
0.5125192586777,2.0114552402004457e-05,3.7828664218948262e-06,0.0777492776276852,0.0768260425592331,0.0357335703458902,0.0435875943000838,1193,0.5204795204795205,month07,AUDUSD,
0.502952041416553,5.549826633684936e-05,1.134829408706665e-05,0.0760832197528893,0.0748281150951258,0.0349678500963153,0.5046102263202011,1193,0.3966033966033966,rev5,USDCHF,
1.433538909257203,6.711703573086942e-05,2.5086547906393133e-06,0.0592248699284406,0.0613261491901821,0.0272197520078379,0.0452640402347024,1193,0.5244755244755245,month01,GBPUSD,
-1.0529323100113626,-0.0001544373640278,8.393780523662154e-06,0.0535864415137956,0.0608167061226853,0.0246283301381736,0.4937133277451802,1193,0.3836163836163836,rev1,GBPUSD,
-1.0529323100113626,-0.0001544373640278,8.393780523662154e-06,0.0535864415137956,0.0608167061226853,0.0246283301381736,0.4937133277451802,1193,0.3836163836163836,gap_fade,GBPUSD,
0.7734162007085272,2.7711651666982346e-05,2.978995840531886e-06,0.0528893527419546,0.0661447361348273,0.0243079481175818,0.0377200335289186,1193,0.7012987012987013,month12,EURJPY,
0.00304448968299,4.3618323175723713e-07,9.415081821203147e-06,0.0494903871046762,0.0511798027299338,0.0227457834080321,0.4786253143336127,1193,0.4505494505494505,mom252s5,NZDUSD,
-0.103918302084227,-1.1307414825571065e-05,7.409185225950618e-06,0.0444925839506983,0.045890456855266,0.0204487929275188,0.5196982397317687,1193,0.4625374625374625,mom252s5,EURJPY,
-0.2275658812136755,-2.488144008854786e-05,6.439288836605583e-06,0.0431800070589786,0.0420598222173153,0.0198455325484416,0.4886839899413244,1193,0.4485514485514486,mom21,USDCHF,
-0.2983710402697719,-7.887969528671528e-06,1.1358667959304764e-06,0.0411877547782279,0.040631261165227,0.018929893340038,0.0360435875943,1193,0.4065934065934066,month08,EURCHF,
0.1942556899932648,1.6911220382101292e-05,2.891591814846084e-06,0.0376379739825251,0.0399003611021517,0.0172984139791215,0.2523051131601005,1193,0.3606393606393606,rsi2,USDCAD,
0.6786386311413805,2.0394448771419604e-05,1.3083554820599654e-06,0.0336098785648205,0.0374137894788266,0.0154471012034867,0.0410729253981559,1193,0.5364635364635365,month05,EURUSD,
0.1126099613667981,5.283428304358416e-06,2.235397574504805e-06,0.0284369891090012,0.0306779911520807,0.0130696410533591,0.0444258172673931,1193,0.5014985014985015,month04,AUDUSD,
0.5716797475308407,1.667150444418063e-05,3.309021517732079e-07,0.0136404903357061,0.0200622082326192,0.0062691697702645,0.0176026823134953,1193,0.5064935064935064,bb_lower20,USDCAD,
0.3478968265152383,1.132800851129784e-05,3.617171628306692e-07,0.0114678903485604,0.0108678020214941,0.0052706427505549,0.0461022632020117,1193,0.5354645354645354,month04,EURGBP,
-0.3298356535556302,-1.840415315920418e-05,-4.055101472197724e-08,-0.0008135858701843,-0.0008080296293419,-0.0003739240905088,0.1005867560771165,1193,0.6753246753246753,dow_Wed,USDCAD,
-1.0803674512568684,-4.422189860369022e-05,-1.483117637352967e-07,-0.0027573753567333,-0.0032306516363039,-0.0012672897972336,0.0435875943000838,1193,0.5024975024975025,month02,AUDUSD,
-0.3754903349001541,-3.1390452660279834e-05,-7.811975510895701e-07,-0.0091694684160658,-0.0091734620805975,-0.0042142879609628,0.0989103101424979,1193,0.7922077922077922,dow_Wed,GBPJPY,
-0.9455177068473568,-0.000163688679498,-2.5637318534292525e-06,-0.0125592608326261,-0.0129566964175945,-0.0057722366579933,0.498742665549036,1193,0.4475524475524475,rev5,AUDJPY,
1.4099123837186822,0.000158085778155,-2.235286975778341e-06,-0.0159091150765038,-0.0170165412320993,-0.0073118297696528,0.5104777870913663,1193,0.4075924075924076,rev5,EURUSD,
-2.4038902019045043,-0.0001093518478964,-1.1543990023915229e-06,-0.0192711764850335,-0.0189639204057483,-0.008857033294555,0.0402347024308466,1193,0.4125874125874126,dow_Fri,NZDUSD,
0.2060060359709377,6.916466831413171e-06,-1.0587065739786936e-06,-0.027824212843194,-0.0272105749938175,-0.0127880090630869,0.0494551550712489,1193,0.5484515484515484,month06,EURUSD,
1.1851455017738104,0.0002049493221412,-6.403793312817184e-06,-0.0313700558418054,-0.0300734666721253,-0.0144176786123412,0.5247275775356245,1193,0.4425574425574425,btc5,AUDJPY,
0.9603933264062507,4.058795541499516e-05,-1.6326292933436062e-06,-0.0313831310401231,-0.029843412814966,-0.014423687973883,0.0444258172673931,1193,0.5104895104895105,month01,AUDUSD,
1.618976391858613,0.0002372548600166,-5.275605131325819e-06,-0.0336889344479146,-0.0352778928287606,-0.0154834352897445,0.4970662196144174,1193,0.4615384615384615,btc5,GBPUSD,
0.1251945319132305,1.826184725980153e-05,-7.861553098179215e-06,-0.0410005210895667,-0.0449312761318486,-0.0188438407310744,0.4962279966471081,1193,0.5074925074925075,volmom126,AUDUSD,
0.1251945319132305,1.826184725980153e-05,-7.861553098179215e-06,-0.0410005210895667,-0.0449312761318486,-0.0188438407310744,0.4962279966471081,1193,0.5074925074925075,mom126,AUDUSD,
0.628138853717535,5.7235581173818506e-05,-6.581180902059709e-06,-0.0505328718024904,-0.0510790813920989,-0.0232249094066329,0.2472757753562447,1193,0.4575424575424575,rsi5,USDJPY,
-0.2343887434179369,-5.616970612169283e-06,-1.9370188831386125e-06,-0.0525979163589587,-0.0555387691728554,-0.0241740039471548,0.0326906957250628,1193,0.4905094905094905,bb_lower20,EURUSD,
-0.1869457366035706,-8.22592333030773e-06,-2.6737497643446014e-06,-0.0549096621120784,-0.0592772159358529,-0.0252364823651087,0.0402347024308466,1193,0.4805194805194805,month08,AUDUSD,
-0.6482781833065115,-8.001968535995461e-05,-1.0138762609144892e-05,-0.0552062944997431,-0.0555917705107464,-0.0253728146194383,0.498742665549036,1193,0.4775224775224775,btc5,USDJPY,
-0.0245331840120782,-3.0525519181825526e-06,-1.0063091338139871e-05,-0.0604304133434629,-0.0615869511208298,-0.0277738197977923,0.5138306789606035,1193,0.4675324675324675,mom5,EURJPY,
-0.5452818029147933,-3.263207258472575e-05,-4.916390819402266e-06,-0.0621296717393907,-0.0620171239863878,-0.0285547990078822,0.1064543168482816,1193,0.8081918081918081,dow_Wed,EURJPY,
-1.6388016022987641,-8.760279003013263e-05,-4.715317637535628e-06,-0.0745748343390886,-0.0745748343390886,-0.28537975626988765,0.4648910411622276,413,,hour07,EURUSD,
0.0992879162423026,1.5968456001945995e-05,-1.34636352933581e-05,-0.0760782683355911,-0.0808051242604695,-0.0349655744247755,0.5213746856663872,1193,0.5094905094905094,volmom63,GBPJPY,
0.0992879162423026,1.5968456001945995e-05,-1.34636352933581e-05,-0.0760782683355911,-0.0808051242604695,-0.0349655744247755,0.5213746856663872,1193,0.5094905094905094,mom63,GBPJPY,
1.0203603933004677,0.0001070403164078,-1.1972994518409731e-05,-0.085223073321547,-0.087389253926264,-0.0391685270725149,0.4777870913663034,1193,0.5214785214785215,volmom126,EURUSD,
1.0203603933004677,0.0001070403164078,-1.1972994518409731e-05,-0.085223073321547,-0.087389253926264,-0.0391685270725149,0.4777870913663034,1193,0.5214785214785215,mom126,EURUSD,
-1.3426111300174357,-6.553744954032847e-05,-5.664447270274937e-06,-0.0854098270731894,-0.0877400409282491,-0.0392543591024101,0.1089689857502095,1193,0.4005994005994006,turn_of_month,USDCHF,
-0.9216987434920704,-6.686177143749514e-05,-6.7653431346549405e-06,-0.0891212586233927,-0.0881553212156301,-0.0409601331549773,0.104777870913663,1193,0.5234765234765235,dow_Wed,GBPUSD,
-0.9559351860032894,-1.823650987628796e-05,-2.5142710772019007e-06,-0.0908038643016403,-0.0910822539641542,-0.0417334587755184,0.0486169321039396,1193,0.4025974025974026,month01,EURCHF,
-1.188811668959644,-0.0001980773138827,-1.9882925838428005e-05,-0.0973907791743466,-0.1002868820617685,-0.0447608050499541,0.5079631181894384,1193,0.5544455544455544,volmom126,AUDJPY,
-1.188811668959644,-0.0001980773138827,-1.9882925838428005e-05,-0.0973907791743466,-0.1002868820617685,-0.0447608050499541,0.5079631181894384,1193,0.5544455544455544,mom126,AUDJPY,
0.0489220147107232,3.2305407245615326e-06,-8.489639523146516e-06,-0.1068592862105091,-0.1185278584568342,-0.049112531169745,0.0922045264040234,1193,0.4065934065934066,turn_of_month,NZDUSD,
-0.2054253717284756,-2.55578844389334e-05,-1.8353125204975e-05,-0.110215100639409,-0.1129151955112121,-0.0506548635826206,0.4836546521374685,1193,0.4865134865134865,rev5,EURJPY,
-0.5368296150506295,-6.998201267531511e-05,-1.7893333265698986e-05,-0.1142255980526176,-0.1179522514430368,-0.0524980883148575,0.4811399832355406,1193,0.5334665334665335,mom252s5,GBPUSD,
-0.0939442754760928,-1.628519719159099e-05,-2.3580061377369304e-05,-0.1154940681484354,-0.1191409701771949,-0.0530810772092061,0.4937133277451802,1193,0.4355644355644356,gap_fade,AUDJPY,
-0.0939442754760928,-1.628519719159099e-05,-2.3580061377369304e-05,-0.1154940681484354,-0.1191409701771949,-0.0530810772092061,0.4937133277451802,1193,0.4355644355644356,rev1,AUDJPY,
0.8628044866593175,0.0001256675986301,-2.272811240364291e-05,-0.11852981394134,-0.1244297171542145,-0.0544763060673115,0.4953897736797988,1193,0.5434565434565435,mom126s5,AUDUSD,
0.1960313283353726,2.853535466804945e-05,-1.8590792409470885e-05,-0.1186797433556575,-0.1242525881591888,-0.05454521363066,0.4979044425817267,1193,0.5364635364635365,mom21s5,GBPUSD,
0.2335023466875247,1.571742718087363e-05,-1.2162204506327434e-05,-0.120858946698739,-0.1189351240315405,-0.0555467755529572,0.5004191114836547,1193,0.5464535464535465,mom252,EURCHF,
-0.0574928154336291,-1.3821251058707443e-06,-3.640189031245989e-06,-0.1311884405080314,-0.1621429978082533,-0.0602942112196823,0.0393964794635373,1193,0.4015984015984016,month09,EURCHF,
0.2784522842610149,3.46341611658024e-05,-2.226051560728608e-05,-0.1336771901145843,-0.1359277829841191,-0.06143804061402,0.509639564124057,1193,0.4755244755244755,btc5,EURJPY,
1.5222486983776835,4.362116509827851e-05,-5.719292717136457e-06,-0.1442431960284443,-0.1202460138826981,-0.0662941772511476,0.046940486169321,1193,0.5544455544455544,month07,EURUSD,
-0.464958830339554,-9.966985753649164e-06,-4.904386535321137e-06,-0.1465915569638452,-0.1461499064719114,-0.0673734840079838,0.0578373847443419,1193,0.3966033966033966,first_week,EURCHF,
-0.6971770460781319,-8.312272357999397e-05,-1.7386200711574394e-05,-0.1579247086348323,-0.1544523601055082,-0.0725822008582565,0.4895222129086337,1193,0.5184815184815185,btc5,USDCAD,
-1.232510631994651,-7.45837195279988e-05,-9.45262135990237e-06,-0.1660916275599255,-0.1991106653633227,-0.076335717042889,0.0435875943000838,1193,0.4455544455544455,month03,NZDUSD,
0.6459615330611823,9.192204898427613e-05,-2.761665200676236e-05,-0.1763174896419433,-0.1849268739532988,-0.0810355235646288,0.5029337803855826,1193,0.5624375624375625,mom63,GBPUSD,
0.6459615330611823,9.192204898427613e-05,-2.761665200676236e-05,-0.1763174896419433,-0.1849268739532988,-0.0810355235646288,0.5029337803855826,1193,0.5624375624375625,volmom63,GBPUSD,
1.671948795168374,6.039870670236821e-05,-7.328074371114256e-06,-0.18705638017351633,-0.18705638017351633,-0.716687465687596,0.4174757281553398,412,,hour17,EURUSD,
0.7694764036469329,6.786473168308554e-05,-2.157176678625679e-05,-0.1875595374781545,-0.190125774106887,-0.0862023690896871,0.2372170997485331,1193,0.5064935064935064,rsi5,EURJPY,
-2.0802807430916106,-0.0002493625262429,-2.450036222425033e-05,-0.1893007913421979,-0.1915484454526482,-0.0870026494181913,0.2556580050293378,1193,0.4695304695304695,rsi2,GBPJPY,
-1.1888236538700994,-7.336449562621861e-05,-1.2146470239080729e-05,-0.1925750677625106,-0.1960157015391299,-0.0885075069598576,0.0955574182732606,1193,0.5194805194805194,dow_Mon,GBPUSD,
-1.40620382120639,-0.0001687049400258,-2.625313758206964e-05,-0.1949606920747242,-0.189284940194,-0.0896039399658023,0.4241408214585079,1193,0.4365634365634365,spx5,EURGBP,
-0.6603173157168788,-7.277079810712071e-05,-3.628625075948443e-05,-0.1976276800412147,-0.2021735153830885,-0.0908296877157505,0.5414920368818106,1193,0.5824175824175825,mom126s5,USDJPY,
-0.4816379199831997,-4.7497394220083047e-05,-3.012501033691523e-05,-0.2020625341585896,-0.1967213088888324,-0.0928679468020387,0.4861693210393965,1193,0.5594405594405595,mom252s5,USDCHF,
-0.5398455538422031,-6.280000217635357e-05,-2.2659462560928845e-05,-0.2059055413229779,-0.2160318747229079,-0.0946341930108592,0.5037720033528919,1193,0.5754245754245755,mom63s5,USDCAD,
-1.5546889437521296,-5.195298118608025e-05,-9.309744410541256e-06,-0.2086377164113574,-0.2054954350270925,-0.0958899007639964,0.0477787091366303,1193,0.4325674325674326,dow_Fri,USDCHF,
-0.535211496840811,-2.478206488046354e-05,-1.4925057728132408e-05,-0.2100194558725255,-0.2094609918703781,-0.096524948262081,0.0427493713327745,1193,0.4505494505494505,month04,NZDUSD,
1.6957153172267332,0.0002583706177753,-4.097004266108165e-05,-0.2137077700131315,-0.2106492283401276,-0.098220097552499,0.509639564124057,1193,0.5034965034965035,btc5,AUDUSD,
-1.3811331462014804,-7.176674723422288e-05,-1.5550266152289747e-05,-0.2178027173942839,-0.2126012770780889,-0.1001021354925534,0.0972338642078793,1193,0.5514485514485514,dow_Wed,EURUSD,
0.6710115337537801,0.0001162485465243,-4.450863871494528e-05,-0.2180315028443654,-0.2235359917420906,-0.1002072852923207,0.4995808885163453,1193,0.5274725274725275,mom5,AUDJPY,
-0.4300102791401838,-3.461406005448234e-05,-2.238480001454039e-05,-0.233577592690356,-0.2552089554250967,-0.1073522686550655,0.0947191953059513,1193,0.7452547452547452,turn_of_month,AUDJPY,
-0.5043826582551272,-2.008916597897154e-05,-1.1149113486781797e-05,-0.2398428668519668,-0.2665712377109598,-0.1102317888489674,0.0410729253981559,1193,0.7242757242757243,month01,EURJPY,
1.2407784820530097,4.95772605394058e-05,-1.0732835741225683e-05,-0.2413695521892465,-0.2538452376828405,-0.1109334534760906,0.0377200335289186,1193,0.4515484515484515,month12,NZDUSD,
1.4421145039378327,0.0001535025620886,-3.262073969288724e-05,-0.2480236498149672,-0.2493090403592532,-0.1139916769458408,0.4291701592623638,1193,0.5034965034965035,spx5,EURUSD,
-0.5180378937947567,-8.120624994629903e-05,-4.741788173126372e-05,-0.2493502337494361,-0.2600667895355691,-0.1146013749621886,0.4911986588432523,1193,0.5574425574425574,mom21,NZDUSD,
-0.4836172314035156,-5.241144989082405e-05,-2.745518519966473e-05,-0.2494912873440879,-0.2638166802271255,-0.1146662031985507,0.4895222129086337,1193,0.6113886113886113,mom252s5,USDCAD,
-1.7392481560137492,-0.0001950171776064,-3.5354261403193044e-05,-0.2517092299808682,-0.2669904538155058,-0.1156855697014019,0.4853310980720872,1193,0.4975024975024975,mom5,EURUSD,
-1.207397586977098,-0.0001196867000602,-3.8181898455393104e-05,-0.2561484810634131,-0.2522974449264621,-0.117725849633015,0.4962279966471081,1193,0.5754245754245755,mom252,USDCHF,
0.938763088139554,4.777092362027141e-05,-1.1647309997426468e-05,-0.2577554421462998,-0.3140115526618071,-0.1184644089952437,0.0360435875943,1193,0.6723276723276723,month11,AUDJPY,
-1.2707643534997155,-0.0001549036565454,-4.218462452072855e-05,-0.2577636026769526,-0.3937287264280763,-0.1184681595753781,0.4870075440067057,1193,0.6393606393606394,mom63s5,EURGBP,
0.2037633624899209,1.991727782726584e-05,-3.653942091715753e-05,-0.2601340434246473,-0.2656283974583591,-0.1195576142146114,0.4836546521374685,1193,0.5904095904095904,mom252s5,EURUSD,
-0.53892896062551,-7.588703972804475e-05,-4.998098281920275e-05,-0.2606550035210059,-0.2845358913023704,-0.1197970474906319,0.4911986588432523,1193,0.5964035964035964,mom252,AUDUSD,
-0.8158396317621391,-6.424603720887862e-05,-2.843708900626075e-05,-0.2818404777665659,-0.2987930245092692,-0.1295338920937412,0.509639564124057,1193,0.48151848151848153,xs_mom126,BASKET,
-1.2782594422193938,-5.308883480778792e-05,-1.516681389063696e-05,-0.2861478394655215,-0.3454900051753286,-0.1315135556606733,0.0427493713327745,1193,0.4385614385614386,month02,NZDUSD,
0.1933779258575684,6.485863741504629e-06,-1.018788994489035e-05,-0.2884068085759467,-0.2922534476997004,-0.1325517779320508,0.0427493713327745,1193,0.5974025974025974,month04,USDCAD,
-1.0885800858286967,-4.773643002411007e-05,-1.3179310323560992e-05,-0.2890387078719008,-0.2819654315531043,-0.1328421988675561,0.0410729253981559,1193,0.5214785214785215,dow_Fri,GBPUSD,
-0.889653085809996,-0.0001358938553331,-5.19006911366709e-05,-0.2932311862386836,-0.3017455184861096,-0.1347690620515519,0.509639564124057,1193,0.6123876123876124,mom126s5,GBPJPY,
-0.4392024576501507,-3.34554235507392e-05,-2.9503448171335664e-05,-0.2980346855680925,-0.3437207257505108,-0.1369767504884249,0.2430846605196982,1193,0.5224775224775224,rsi5,EURUSD,
-0.2019692922103424,-2.839329520944383e-05,-5.8476868453814085e-05,-0.3049026004593821,-0.3360059551497686,-0.1401332443798884,0.4937133277451802,1193,0.6163836163836164,mom252s5,AUDUSD,
0.5535690376048197,2.524520017902822e-05,-2.3823520135515894e-05,-0.3072358127192628,-0.2734951132624719,-0.1412055888049979,0.0754400670578373,1193,0.7592407592407593,last_week,USDJPY,
-1.4075949907692915,-0.0001633484249631,-5.052008857172377e-05,-0.3087227018825489,-0.4761383150918438,-0.1418889631093517,0.4920368818105616,1193,0.6833166833166833,mom126s5,EURGBP,
-0.5705015551627118,-2.4241486409225063e-05,-1.18943678709808e-05,-0.3109516060866276,-0.2993087072921318,-0.1429133675488642,0.0586756077116513,1193,0.6153846153846154,first_week,USDCAD,
0.7178693959420539,3.750021838867299e-05,-2.8059857074462725e-05,-0.3227714482681105,-0.3203691575778301,-0.14834576737246,0.1139983235540653,1193,0.8101898101898102,dow_Tue,USDJPY,
-1.032945992617786,-8.555224365885572e-05,-3.409619554181005e-05,-0.3247998407050409,-0.3297286671610513,-0.1492780165977353,0.259010896898575,1193,0.4505494505494505,rsi2,USDCHF,
-1.8067311141031384,-8.649740328726809e-05,-1.4745678243815898e-05,-0.3275321577843447,-0.3413086952883181,-0.1505337896099056,0.0477787091366303,1193,0.6763236763236763,dow_Fri,GBPJPY,
0.7894287664156538,5.528611384804026e-05,-3.2336135170631764e-05,-0.3282786854978948,-0.3313508313288331,-0.1508768937696001,0.1056160938809723,1193,0.7662337662337663,dow_Tue,AUDJPY,
0.3874017961135726,1.996251821915723e-05,-1.8492546407518775e-05,-0.3283795440065924,-0.290648904027916,-0.1509232483432437,0.0377200335289186,1193,0.7002997002997003,month09,GBPJPY,
0.0151116224053684,8.628092914359882e-07,-2.8516174462259336e-05,-0.3338134020213582,-0.3281303964837893,-0.1534206496509449,0.1064543168482816,1193,0.8111888111888111,dow_Wed,USDJPY,
-1.329859173298308,-6.289526118872473e-05,-2.0116426281628945e-05,-0.3417774650226166,-0.3379473234481241,-0.1570809332468562,0.0435875943000838,1193,0.5144855144855145,dow_Fri,AUDUSD,
0.2025764123494961,2.2187430759594016e-05,-5.5951552903029655e-05,-0.3419140803500548,-0.526839983269112,-0.157143721655473,0.4937133277451802,1193,0.7262737262737263,mom252s5,EURGBP,
-0.596907254330628,-2.1813485443208254e-05,-1.4894537383648892e-05,-0.3426285096907113,-0.3558815235904846,-0.1574720734020161,0.0461022632020117,1193,0.5334665334665335,month06,GBPUSD,
0.5276320667663174,5.970719289147329e-05,-3.780916985425053e-05,-0.3436586211597082,-0.3842395043538669,-0.1579455126642787,0.498742665549036,1193,0.6353646353646354,volmom126,USDCAD,
0.5276320667663174,5.970719289147329e-05,-3.780916985425053e-05,-0.3436586211597082,-0.3842395043538669,-0.1579455126642787,0.498742665549036,1193,0.6353646353646354,mom126,USDCAD,
-0.2334122215090021,-3.991338992329066e-05,-7.189832562045045e-05,-0.3522019443569764,-0.3534679381940128,-0.1618720242637711,0.5037720033528919,1193,0.6363636363636364,mom63,AUDJPY,
-0.2334122215090021,-3.991338992329066e-05,-7.189832562045045e-05,-0.3522019443569764,-0.3534679381940128,-0.1618720242637711,0.5037720033528919,1193,0.6363636363636364,volmom63,AUDJPY,
1.8808749766801844,0.0002955401411123,-6.792925462118145e-05,-0.3571542821829616,-0.3469454220376496,-0.1641481188781659,0.5062866722548198,1193,0.5394605394605395,btc5,NZDUSD,
-1.877313752929157,-8.347110702939479e-05,-1.4965309959796833e-05,-0.357647460483404,-0.3464856707097713,-0.1643747836399443,0.0234702430846605,1193,0.4995004995004995,bb_lower20,NZDUSD,
-1.7106091260413754,-4.985864999487155e-05,-1.5641351664892513e-05,-0.3601852016099292,-0.3378582200791409,-0.1655411295383409,0.0502933780385582,1193,0.4595404595404595,month05,USDCHF,
0.6563632307380943,0.0001133015032271,-7.424981154317778e-05,-0.3636877841521169,-0.394142240168681,-0.1671509165805164,0.4911986588432523,1193,0.6423576423576424,mom21,AUDJPY,
-0.9850195061896084,-3.191171825545816e-05,-1.6971417483553815e-05,-0.3845841929464017,-0.3791694613225262,-0.176754906693489,0.1014249790444258,1193,0.3616383616383616,dow_Tue,EURCHF,
0.8775298600653069,9.844107385765404e-05,-5.4386385420949575e-05,-0.3872892835738766,-0.3910909622518335,-0.1779981664275765,0.5046102263202011,1193,0.5714285714285714,btc5,EURUSD,
-0.908370992226389,-0.0001002350930189,-5.776409034496843e-05,-0.3875542075434877,-0.3777240038868225,-0.178119925492011,0.4895222129086337,1193,0.5814185814185814,mom5,USDCHF,
-0.6004150497811995,-7.838893960873372e-05,-6.0740862579549696e-05,-0.387804092001855,-0.3991166903083942,-0.1782347723966237,0.4803017602682313,1193,0.6453546453546454,mom252,GBPUSD,
1.100303600785485,8.260863008246269e-05,-4.223081649562928e-05,-0.3944904571570691,-0.4250799079985474,-0.1813078260239036,0.2422464375523889,1193,0.5174825174825175,rsi5,USDCHF,
-1.235712199994113,-5.2282912426502136e-05,-2.2379137973019437e-05,-0.3959875453280767,-0.392790938132033,-0.1819958877925142,0.0427493713327745,1193,0.6813186813186813,dow_Fri,USDJPY,
0.2584260459317048,8.665430477344518e-06,-1.447042684251291e-05,-0.3991730564352012,-0.4283497984709206,-0.1834599487935583,0.0419111483654652,1193,0.5244755244755245,month08,EURUSD,
-0.486504740566205,-7.26961835726242e-05,-7.690956027669195e-05,-0.4011162914208123,-0.455242519910299,-0.1843530596516353,0.4895222129086337,1193,0.6443556443556444,mom63s5,AUDUSD,
1.0409048256388909,4.461478525809151e-05,-2.015265069676136e-05,-0.4050226529375357,-0.3664804038755148,-0.1861484235227025,0.0419111483654652,1193,0.4635364635364635,month01,NZDUSD,
0.5097691119493573,2.3138276984708628e-05,-2.173538668006797e-05,-0.4054357849002192,-0.4145210483130568,-0.1863382989852294,0.0385582564962279,1193,0.7112887112887113,month12,GBPJPY,
0.7607895917937451,7.009134491552168e-05,-2.9442533542390428e-05,-0.4123615206788349,-0.4539408988024203,-0.1895213673582542,0.2615255658005029,1193,0.4415584415584415,rsi2,EURGBP,
0.813640125348447,5.486589610132355e-05,-2.896600557650971e-05,-0.4130756912722394,-0.4498906331683206,-0.1898496001845525,0.0846605196982397,1193,0.5704295704295704,shock_drift,GBPUSD,
1.6892798299672265,9.460995226371612e-05,-1.7304231570752675e-05,-0.4149090837096906,-0.4361155982755045,-0.1906922274041777,0.0402347024308466,1193,0.6993006993006993,month11,GBPJPY,
,,,-0.4163323699367831,-0.4163323699367831,,,2141,,event_day_vol,USDJPY,event/non-event |r| ratio=0.98
-1.070813065113699,-2.319485567015992e-05,-9.132349120686243e-06,-0.4248789141811631,-0.4593345696845445,-0.1952743617899782,0.0326906957250628,1193,0.4205794205794206,month12,EURCHF,
-0.1721937317154441,-1.84745536063886e-05,-6.42425002610991e-05,-0.4308289947280924,-0.4166391091115429,-0.198009018989053,0.4878457669740151,1193,0.6523476523476524,mom63s5,USDCHF,
0.3770736263437853,1.7016245543025373e-05,-2.5889951329961177e-05,-0.4311859373209993,-0.5107690742560057,-0.1981730698155334,0.0393964794635373,1193,0.6793206793206793,month12,AUDJPY,
-1.527410105838587,-6.1892838175115e-05,-1.2337069584002018e-05,-0.4380825148530987,-0.4130590092129598,-0.2013427370575788,0.0360435875943,1193,0.5904095904095904,month12,USDCAD,
-1.4419826788457144,-3.81651638841691e-05,-1.598445814262004e-05,-0.4409621546082652,-0.5099821238754647,-0.202666219576025,0.0360435875943,1193,0.5294705294705294,month02,EURUSD,
-0.3097109518552418,-4.708131220911451e-05,-8.598868181864072e-05,-0.4484401179978002,-0.4739608872009875,-0.2061030917757069,0.4786253143336127,1193,0.6503496503496503,mom21,AUDUSD,
1.5432074133311728,2.510873313762836e-05,-1.4904555077435455e-05,-0.4492093581824034,-0.4600782702538761,-0.2064566345877833,0.0427493713327745,1193,0.4385614385614386,month04,EURCHF,
-0.2271451335932763,-1.183609440577279e-05,-3.686784193917646e-05,-0.4527281779712682,-0.451485861316143,-0.2080738842690219,0.0787929589270746,1193,0.5614385614385614,shock_drift,EURJPY,
-0.1858847752490474,-5.825515974889778e-06,-2.0570188749976096e-05,-0.4534132399734987,-0.4243543084461463,-0.2083887387859376,0.0502933780385582,1193,0.4025974025974026,month06,USDCHF,
1.0303459031750055,4.252085023363174e-05,-1.424562140935794e-05,-0.4547787301954288,-0.495286473558162,-0.2090163181331776,0.0494551550712489,1193,0.6223776223776224,month03,USDCAD,
-0.6764558130470081,-3.2363518880407e-05,-2.3357157335125245e-05,-0.4548484470031715,-0.4485509734346244,-0.2090483599801217,0.0385582564962279,1193,0.4455544455544455,month08,NZDUSD,
-0.0046150170723198,-7.954298448105108e-07,-9.31857698748774e-05,-0.4564919601883285,-0.5004743618757556,-0.2098037186896577,0.501257334450964,1193,0.6453546453546454,mom21s5,AUDJPY,
-1.1693479724481957,-0.0001270402788513,-5.049923347326798e-05,-0.4589073105526604,-0.4821563339449684,-0.2109138137900538,0.490360435875943,1193,0.6853146853146853,mom252,USDCAD,
0.1440467101214177,1.7924874998093857e-05,-7.68504567808535e-05,-0.4615058597610238,-0.4617577042148548,-0.2121081070846998,0.4853310980720872,1193,0.6093906093906094,gap_fade,EURJPY,
0.1440467101214177,1.7924874998093857e-05,-7.68504567808535e-05,-0.4615058597610238,-0.4617577042148548,-0.2121081070846998,0.4853310980720872,1193,0.6093906093906094,rev1,EURJPY,
0.3800698405184714,2.21086898578432e-05,-3.263404715030316e-05,-0.467267110927916,-0.4621325208106303,-0.2147559782950064,0.0913663034367141,1193,0.5524475524475524,turn_of_month,GBPUSD,
0.783273074000641,4.858002986458892e-05,-4.024685608931142e-05,-0.4687919524069611,-0.4407907306391975,-0.2154567954848292,0.0511316010058675,1193,0.6813186813186813,first_week,AUDJPY,
0.8536648948725017,2.8256433123416725e-05,-1.9443333853599517e-05,-0.4757123168410373,-0.48463665291315,-0.2186373951877415,0.0419111483654652,1193,0.5754245754245755,month01,EURUSD,
-0.3098843198304127,-1.439394313403356e-05,-2.348772105914873e-05,-0.4808044497452864,-0.5741454543097323,-0.2209777396243284,0.0284995808885163,1193,0.5384615384615384,month10,GBPUSD,
-0.9016259727135852,-3.242901933454362e-05,-1.941424811436781e-05,-0.4820286904473185,-0.594671750092996,-0.2215404006879573,0.0435875943000838,1193,0.5214785214785215,month02,GBPUSD,
1.7895420057028486,8.451009239072096e-05,-2.3618617439047362e-05,-0.4835929713213131,-0.4835929713213131,-1.852837207258628,0.5461165048543689,412,,hour11,USDJPY,
-0.2876723483656856,-1.911669753945009e-05,-4.223012337238326e-05,-0.4952087456628125,-0.5039306931939964,-0.2275979544630661,0.0955574182732606,1193,0.5454545454545454,dow_Tue,AUDUSD,
1.4285980797627555,7.66138968505235e-05,-3.4847247260295125e-05,-0.495448061708274,-0.5500748351708686,-0.2277079441247881,0.2623637887678122,1193,0.4665334665334665,rsi2,EURCHF,
-1.6815143363739105,-3.812926505412312e-05,-1.4294671742745212e-05,-0.5095624067373845,-0.5095624067373845,-1.9499714176742124,0.423728813559322,413,,hour03,EURUSD,
-0.0909463503169955,-1.431620894435648e-05,-9.694908706828314e-05,-0.5098006567395236,-0.5416591193482173,-0.2343043972346316,0.501257334450964,1193,0.6623376623376623,mom5,NZDUSD,
0.832456898237937,2.46905262982563e-05,-1.397909095714931e-05,-0.5128311175113828,-0.4977322475526744,-0.235697197096905,0.0452640402347024,1193,0.5404595404595405,month07,EURGBP,
-1.2574392046683984,-3.760459391406248e-05,-1.9123397542889263e-05,-0.5139732508203196,-0.6054668061647867,-0.2362221216001874,0.0326906957250628,1193,0.5444555444555444,month10,EURUSD,
1.2514456096166813,3.794130122143362e-05,-1.381233835629605e-05,-0.5143437774426783,-0.5191195379004234,-0.2363924156470142,0.0427493713327745,1193,0.5174825174825175,month05,EURGBP,
-0.8736753357792493,-9.663792664957508e-05,-9.571407894604934e-05,-0.5213239941615785,-0.5114307914127898,-0.2396005234618393,0.537300922045264,1193,0.6903096903096904,volmom126,USDJPY,
-0.8736753357792493,-9.663792664957508e-05,-9.571407894604934e-05,-0.5213239941615785,-0.5114307914127898,-0.2396005234618393,0.537300922045264,1193,0.6903096903096904,mom126,USDJPY,
-0.4250414247226696,-5.315523046104633e-05,-8.563831125023474e-05,-0.5233918299021733,-0.8154034294270831,-0.24055090083067,0.4895222129086337,1193,0.7622377622377622,mom21s5,EURGBP,
-1.193426505826763,-3.836346429118156e-05,-1.7426243036354526e-05,-0.5265814023240405,-0.5637891609719564,-0.2420168284120925,0.0435875943000838,1193,0.6043956043956044,month05,USDCAD,
-0.4767304301805846,-1.465346585517673e-05,-3.243031730047028e-05,-0.5266957010902444,-0.6450297465226417,-0.242069360128492,0.0402347024308466,1193,0.6833166833166833,month12,USDJPY,
0.3526795619738251,5.174272167366092e-05,-8.251839584281249e-05,-0.5269744964627866,-0.5546808667766425,-0.2421974944901326,0.4870075440067057,1193,0.6483516483516484,mom5,GBPUSD,
0.4253164867273815,5.263378144494946e-05,-9.69568026049422e-05,-0.5286217662066888,-0.5411528787208353,-0.2429545797141814,0.5020955574182733,1193,0.6433566433566433,gap_fade,USDJPY,
0.4253164867273815,5.263378144494946e-05,-9.69568026049422e-05,-0.5286217662066888,-0.5411528787208353,-0.2429545797141814,0.5020955574182733,1193,0.6433566433566433,rev1,USDJPY,
-0.0844834570953153,-1.2151121054614444e-05,-0.0001005805443983,-0.5288255265531393,-0.5445249627926012,-0.2430482279755641,0.471081307627829,1193,0.6723276723276723,mom252,NZDUSD,
-0.6952750484024812,-2.8896751580706717e-05,-2.770544270562132e-05,-0.5436710867974577,-0.6048707666089244,-0.2498712479122226,0.0393964794635373,1193,0.5544455544455544,month09,AUDUSD,
0.5401361524688009,1.3251935345716696e-05,-3.2700217194622844e-05,-0.5451930219824715,-0.5336879635655739,-0.250570729369221,0.0477787091366303,1193,0.4685314685314685,month04,USDCHF,
-1.376056565355926,-2.945208947669519e-05,-1.4931591912315255e-05,-0.5499979414237188,-0.5691146256479847,-0.2527790704895378,0.0444258172673931,1193,0.4265734265734265,month05,EURCHF,
-0.0942831297371366,-1.5029277362408351e-05,-0.0001125624013666,-0.5514759194998993,-0.5796551731932417,-0.2534583492579886,0.5046102263202011,1193,0.7132867132867133,mom252s5,AUDJPY,
-0.6686377541454358,-8.755066150081621e-05,-8.333473569880366e-05,-0.5604494417915833,-0.5768147796637766,-0.2575825803742675,0.2338642078792959,1193,0.5514485514485514,rsi2,AUDJPY,
1.7406336713346306,6.44754128620377e-05,-2.4714483378841542e-05,-0.5628810744001542,-0.6278551841770741,-0.2587001587946075,0.0209555741827326,1193,0.5464535464535465,bb_lower20,USDJPY,
-1.5266524816851923,-9.11800883323964e-05,-2.9910615882327068e-05,-0.5651282420030196,-0.5744006279302287,-0.2597329570927541,0.0419111483654652,1193,0.6323676323676324,dow_Fri,AUDJPY,
0.3614099795063926,5.7652322028043794e-05,-0.000116475852874,-0.5706215938604389,-0.5938907777303671,-0.2622577017723358,0.5188600167644594,1193,0.7172827172827173,mom252,AUDJPY,
-0.8891156276207574,-0.0001102422231759,-9.776601341632388e-05,-0.5872388965499095,-0.6118725470409637,-0.2698950145902971,0.5088013411567477,1193,0.7032967032967034,mom21,EURJPY,
-0.2159736274995249,-1.1896549989634606e-05,-2.5525976847361244e-05,-0.5896363339866729,-0.5680342483073357,-0.2709968769086417,0.0905280804694048,1193,0.5734265734265734,turn_of_month,EURGBP,
-0.4821073662652503,-2.156886784785212e-05,-3.462800128129496e-05,-0.5990402613378929,-0.5991034670727832,-0.2753189222032825,0.0913663034367141,1193,0.5894105894105894,dow_Mon,EURUSD,
0.3816302008925641,2.077528242281762e-05,-2.7978232666621435e-05,-0.6024605876530118,-0.5779325407275531,-0.2768909042810129,0.0695725062866722,1193,0.5974025974025974,shock_drift,USDCAD,
-0.5378205188718302,-2.9616868396030688e-05,-5.5158838730776566e-05,-0.6187124957322078,-0.6294857938980896,-0.2843602817250562,0.0989103101424979,1193,0.8241758241758241,turn_of_month,USDJPY,
-0.0568721496591661,-2.156235417219433e-06,-2.244827166946666e-05,-0.6230949012688836,-0.5547503399958904,-0.286374435442071,0.0368818105616093,1193,0.5334665334665335,month08,GBPUSD,
0.2522270534852084,1.032472949036839e-05,-2.3058412381979705e-05,-0.6252455937426608,-0.6249255633281768,-0.2873628937679748,0.0427493713327745,1193,0.6343656343656343,dow_Fri,USDCAD,
-1.818861651793072,-6.011740453866831e-05,-2.548950177225901e-05,-0.625390457858904,-0.6330150562991035,-0.2874294733201755,0.1022632020117351,1193,0.3946053946053946,dow_Thu,EURCHF,
-0.2671454277721203,-1.9074335907535413e-05,-6.296239442153559e-05,-0.625908262143841,-0.6558247405190182,-0.2876674561851713,0.4803017602682313,1193,0.7242757242757243,mom63,EURCHF,
-0.2671454277721203,-1.9074335907535413e-05,-6.296239442153559e-05,-0.625908262143841,-0.6558247405190182,-0.2876674561851713,0.4803017602682313,1193,0.7242757242757243,volmom63,EURCHF,
-1.180479840803528,-0.000161434977737,-0.0001029623215466,-0.6575291780811248,-0.6951685238686417,-0.302200430104971,0.4945515507124895,1193,0.7932067932067932,mom126,GBPUSD,
-1.180479840803528,-0.000161434977737,-0.0001029623215466,-0.6575291780811248,-0.6951685238686417,-0.302200430104971,0.4945515507124895,1193,0.7932067932067932,volmom126,GBPUSD,
0.0281146755186664,5.644052795117496e-07,-2.162576685583113e-05,-0.6725864784623018,-0.6186976282500781,-0.3091207658149249,0.0477787091366303,1193,0.4205794205794206,month06,EURCHF,
-1.1315441916373907,-3.2612637698919724e-05,-2.7005064307829146e-05,-0.6772145424448784,-0.7625002628230287,-0.3112478241610952,0.0352053646269907,1193,0.5374625374625375,month09,EURUSD,
0.1301065661485285,5.768994472102743e-06,-3.5941216794303857e-05,-0.6894195397720431,-0.671470156772396,-0.316857241301279,0.0452640402347024,1193,0.7362637362637363,first_week,EURJPY,
0.3727032695370482,1.9180065335838345e-05,-5.453803504845848e-05,-0.6943882205459172,-0.7322871003888614,-0.3191408471350171,0.0905280804694048,1193,0.6383616383616384,ma_bounce63,USDCHF,
1.6493874645182751,0.0002718107915739,-0.0001257400627115,-0.7105645729255502,-0.6821751790741752,-0.3265754991772592,0.4777870913663034,1193,0.7252747252747253,mom5,GBPJPY,
-0.3435258299990377,-4.008286682980985e-05,-0.0001176921940461,-0.7192695848119146,-1.1038358130818968,-0.3305763229031436,0.4786253143336127,1193,0.8851148851148851,volmom126,EURGBP,
-0.3435258299990377,-4.008286682980985e-05,-0.0001176921940461,-0.7192695848119146,-1.1038358130818968,-0.3305763229031436,0.4786253143336127,1193,0.8851148851148851,mom126,EURGBP,
-0.4021978007518883,-4.76785911611868e-05,-7.984384541925357e-05,-0.7257996556170168,-0.7880187262649965,-0.3335775436423916,0.4870075440067057,1193,0.7462537462537463,mom21,USDCAD,
0.1326450783951135,1.8814950652397222e-05,-0.0001146002958018,-0.7317435477432644,-0.7536153425089683,-0.3363093566431342,0.4962279966471081,1193,0.7972027972027972,mom63s5,GBPUSD,
-1.103552453050174,-0.0001151540894203,-0.000109513815476,-0.7345766043535087,-0.7411189765768046,-0.3376114295467672,0.48197820620285,1193,0.7522477522477522,mom126,USDCHF,
-1.103552453050174,-0.0001151540894203,-0.000109513815476,-0.7345766043535087,-0.7411189765768046,-0.3376114295467672,0.48197820620285,1193,0.7522477522477522,volmom126,USDCHF,
0.3601061360158659,1.707900152374494e-05,-5.057120127235176e-05,-0.7694378285796776,-0.7723302881790559,-0.3536336492540032,0.0838222967309304,1193,0.6133866133866134,turn_of_month,EURUSD,
-1.0967018153718646,-3.948948478266427e-05,-4.2244566634512014e-05,-0.7869849100600542,-0.7661291804695759,-0.3616982884323464,0.0519698239731768,1193,0.4575424575424575,first_week,USDCHF,
-1.3762451619893017,-0.0001507240102975,-0.0001305254210081,-0.7977471512520842,-1.1825379056089134,-0.3666446148092477,0.4811399832355406,1193,0.93006993006993,mom252,EURGBP,
-0.2744522487149863,-2.137357577088959e-05,-7.16221274067148e-05,-0.7978842258995887,-0.708627586533379,-0.3667076143213807,0.0611902766135792,1193,0.6533466533466533,shock_drift,AUDJPY,
-1.0523740110987685,-0.0001154293914945,-9.188566692544706e-05,-0.7997315165902903,-0.7888400004317255,-0.3675566291786196,0.2455993294216261,1193,0.6563436563436563,rsi2,GBPUSD,
0.1706165373448072,1.8790291139947245e-05,-0.0001123558205581,-0.799797718910688,-0.8312121453629375,-0.3675870557670738,0.4769488683989941,1193,0.8081918081918081,mom63s5,EURUSD,
0.4796412854476424,1.3610471432958487e-05,-2.9705164783576877e-05,-0.8111246225670211,-1.0272831628330876,-0.3727929010296229,0.0343671416596814,1193,0.5874125874125874,month11,USDCAD,
0.0430727271459251,3.075729445364624e-06,-7.093377321110966e-05,-0.8174475306850029,-0.823411503487314,-0.3756989097916137,0.1031014249790444,1193,0.4655344655344655,dow_Tue,NZDUSD,
-0.6995595094654934,-8.531745004038404e-05,-0.0001364134666255,-0.8193783618666133,-0.8601076439541565,-0.3765863198609973,0.4979044425817267,1193,0.8011988011988012,volmom63,EURJPY,
-0.6995595094654934,-8.531745004038404e-05,-0.0001364134666255,-0.8193783618666133,-0.8601076439541565,-0.3765863198609973,0.4979044425817267,1193,0.8011988011988012,mom63,EURJPY,
-0.6676744086409239,-7.919995352323453e-05,-0.000106889056466,-0.8222110475623539,-0.8353227657038483,-0.3778882222923133,0.2447611064543168,1193,0.6053946053946054,rsi2,NZDUSD,
0.5099782410534665,1.7326686975695873e-05,-3.467742768004183e-05,-0.8249441443347643,-0.8181678847304819,-0.3791443536514589,0.0243084660519698,1193,0.5744255744255744,bb_lower20,USDCHF,
-1.0336559190871577,-4.1591268097853104e-05,-2.2731810484444288e-05,-0.8266928572114597,-0.9516122306632144,-0.3799480621424032,0.0301760268231349,1193,0.5284715284715285,month11,EURGBP,
0.6637148413017576,8.196863793972355e-05,-0.000153506366883,-0.8361520127937875,-0.8314910184243224,-0.3842954903337292,0.4769488683989941,1193,0.7872127872127872,rev5,USDJPY,
0.4636196690717706,4.856129284872191e-05,-0.0001181859169671,-0.8415067109504375,-0.8852803133563317,-0.3867565097682498,0.4761106454316848,1193,0.8001998001998002,mom126s5,EURUSD,
-1.1103948061997286,-6.135800977222976e-05,-5.6337890462345576e-05,-0.8420135411378671,-0.9371237670504282,-0.3869894489376997,0.0704107292539815,1193,0.4655344655344655,last_week,NZDUSD,
0.9704594469178062,6.781970069136147e-05,-8.540805027068473e-05,-0.8491335268398721,-0.867512755588722,-0.3902617945813811,0.4920368818105616,1193,0.8121878121878122,mom126s5,EURCHF,
-0.2674683572792022,-5.440838918825634e-06,-1.933299216407856e-05,-0.8543210223007003,-0.994969388011803,-0.392645967651852,0.0343671416596814,1193,0.4205794205794206,month11,EURCHF,
1.736158028890464,8.207923661300847e-05,-3.8172520431670686e-05,-0.8551113128899823,-0.8551113128899823,-3.268348606395273,0.5314009661835749,414,,hour18,GBPUSD,
-0.9140814670552648,-3.297408204855638e-05,-2.1037080645620683e-05,-0.8565597667102043,-0.9321623914417104,-0.3936748946500752,0.0461022632020117,1193,0.5434565434565435,month01,EURGBP,
-0.6413172463942546,-3.545772242429568e-05,-4.014875426473889e-05,-0.857714685835126,-0.8561009644755103,-0.3942056955147705,0.0997485331098072,1193,0.7222777222777222,dow_Tue,USDCAD,
-0.4013650182560238,-1.8558989280015976e-05,-5.063997480720466e-05,-0.8846074752194244,-0.9043097545295622,-0.4065656223280178,0.0352053646269907,1193,0.5434565434565435,month09,GBPUSD,
-1.3571990732253956,-7.317513673139178e-05,-8.890556607171265e-05,-0.8893518057064813,-0.93398742578518,-0.4087461167631588,0.0888516345347862,1193,0.8291708291708292,shock_drift,EURGBP,
-0.6512781068461626,-4.01599993747193e-05,-4.536815189862737e-05,-0.897810354077543,-0.9111140486408528,-0.4126336658499662,0.0980720871751886,1193,0.6073926073926074,dow_Wed,EURGBP,
-1.2489173866382175,-0.0001527054527834,-0.0001471333554962,-0.8993273428175372,-1.4031217410398105,-0.4133308739206841,0.4853310980720872,1193,0.929070929070929,mom63,EURGBP,
-1.2489173866382175,-0.0001527054527834,-0.0001471333554962,-0.8993273428175372,-1.4031217410398105,-0.4133308739206841,0.4853310980720872,1193,0.929070929070929,volmom63,EURGBP,
2.048244433155606,8.860466787908601e-05,-4.3411900358844577e-05,-0.911354446554403,-0.911354446554403,-3.4875318482182815,0.43825665859564167,413,,hour18,EURUSD,
0.5024199433506897,5.990112614327594e-05,-0.0001011936382595,-0.9197025731266806,-0.950787464133668,-0.422695330386145,0.4752724224643755,1193,0.7942057942057942,rev5,USDCAD,
0.0665082457413439,2.924380160259609e-06,-4.709963366253621e-05,-0.9228395992056282,-0.8878200059481048,-0.4241371076667747,0.0419111483654652,1193,0.5414585414585414,month06,AUDUSD,
-1.0576105040713455,-5.816351300883952e-05,-5.779228337664775e-05,-0.9497856491915814,-0.942798050710611,-0.4365215130541512,0.0444258172673931,1193,0.7322677322677322,first_week,GBPJPY,
1.1176205423733,5.497711599311253e-05,-5.346536414625572e-05,-0.9606894556392668,-0.981692624136202,-0.4415329028268274,0.0637049455155071,1193,0.5584415584415584,last_week,GBPUSD,
-0.4865518887226512,-8.026367188677078e-05,-0.0001710800464035,-0.9669546107663344,-1.0200037619678703,-0.4444123683124496,0.4962279966471081,1193,0.7612387612387612,rev1,GBPJPY,
-0.4865518887226512,-8.026367188677078e-05,-0.0001710800464035,-0.9669546107663344,-1.0200037619678703,-0.4444123683124496,0.4962279966471081,1193,0.7612387612387612,gap_fade,GBPJPY,
0.0045568017770907,3.41390004556558e-07,-8.384017933803826e-05,-0.9759706186643144,-0.9600326665309176,-0.4485561258146653,0.0922045264040234,1193,0.8521478521478522,turn_of_month,GBPJPY,
1.4481270480288149,9.033019783570012e-05,-7.429707200232425e-05,-0.9980668725754506,-0.8839398454445294,-0.4587115647795809,0.0670578373847443,1193,0.7942057942057942,last_week,GBPJPY,
-0.8703544583052907,-0.0001089222775162,-0.0001659761988834,-1.0147746234366732,-1.5536706437059804,-0.4663904475800113,0.460184409052808,1193,0.9250749250749252,mom21,EURGBP,
-0.092104145883066,-7.392267941184258e-06,-9.07256952857366e-05,-1.025340489991281,-1.044630638663368,-0.4712465201676222,0.1005867560771165,1193,0.8521478521478522,dow_Thu,GBPJPY,
-0.3895178018280596,-5.309312900678549e-05,-0.0001623460585711,-1.0368264060461614,-1.088770035619688,-0.4765254475333462,0.4895222129086337,1193,0.8881118881118881,mom126s5,GBPUSD,
-0.3124769008928675,-1.37454854295163e-05,-5.3015047033292666e-05,-1.0497025374973454,-1.0775328596220377,-0.482443317937199,0.0335289186923721,1193,0.4765234765234765,month10,NZDUSD,
-0.2059574199341945,-3.2157207164964136e-05,-0.0002006970874205,-1.0550512162996966,-1.084825052540601,-0.484901570876302,0.4744341994970662,1193,0.8581418581418582,mom21s5,NZDUSD,
-0.3930531998545007,-5.949877074812963e-05,-0.0002030063229947,-1.0587974092515928,-1.157314402592377,-0.4866233212701371,0.4836546521374685,1193,0.8591408591408591,mom21s5,AUDUSD,
-3.609365059698289,-0.0001749488326678,-4.546882978134724e-05,-1.062819568721059,-1.0812443764968231,-0.4884719058837823,0.0955574182732606,1193,0.6073926073926074,dow_Tue,EURGBP,
-1.2564388303982907,-7.52207054786951e-05,-8.518624547024508e-05,-1.064440930601717,-1.0509983893992003,-0.4892170838531014,0.0930427493713327,1193,0.5834165834165834,dow_Mon,AUDUSD,
1.4303868665321169,5.170890206400976e-05,-3.9549252219887456e-05,-1.0816592943608878,-1.0795146434972247,-0.4971306443568504,0.0343671416596814,1193,0.7182817182817183,month11,EURJPY,
1.9487584497324768,0.0001413754854494,-0.0001089579959344,-1.0834112573216228,-1.1415566003359003,-0.4979358465865174,0.4953897736797988,1193,0.8191808191808192,rev5,EURCHF,
-0.5862734318139929,-2.08082601010728e-05,-5.035841150281833e-05,-1.1032836183923431,-1.068853213340652,-0.5070691843348113,0.0352053646269907,1193,0.5684315684315684,dow_Fri,EURUSD,
-1.1479921027116955,-3.2626139060356955e-05,-4.544088158066607e-05,-1.107414708638061,-0.9345872358603652,-0.5089678335365116,0.0486169321039396,1193,0.4485514485514486,month07,USDCHF,
0.239829686794902,2.83321129351292e-05,-0.000125125540767,-1.137595872598872,-1.2171367189047333,-0.5228390974044407,0.4878457669740151,1193,0.8641358641358642,mom21s5,USDCAD,
-0.8334137937340674,-9.116750936037991e-05,-0.000117920963426,-1.1421996211076848,-1.1700130883902538,-0.5249549803581347,0.4073763621123218,1193,0.7872127872127872,spx5,USDCAD,
-0.3539803156542234,-1.354132862223648e-05,-7.467586053324312e-05,-1.151596641325333,-1.0918823364915526,-0.5292738511339773,0.0461022632020117,1193,0.7522477522477522,first_week,USDJPY,
-1.5418479752539669,-6.264713224817809e-05,-5.778768134609872e-05,-1.162375605266074,-1.19177340031583,-0.5342278632866914,0.0402347024308466,1193,0.7122877122877123,dow_Fri,EURJPY,
-0.6502851645491851,-2.9528542490772684e-05,-6.613620553025074e-05,-1.1731348901604672,-1.1816164294805618,-0.5391728309491094,0.0368818105616093,1193,0.5134865134865135,month09,NZDUSD,
0.7547885130015269,8.534719861065301e-05,-0.0001295167887439,-1.1778711432476092,-1.236061703528148,-0.5413496130110056,0.4836546521374685,1193,0.8951048951048951,mom126s5,USDCAD,
0.4105635934670698,4.608005480244144e-05,-0.0001665294885261,-1.1863907543485035,-1.274122553164799,-0.5452652265302885,0.4786253143336127,1193,0.7952047952047953,rev1,EURUSD,
0.4105635934670698,4.608005480244144e-05,-0.0001665294885261,-1.1863907543485035,-1.274122553164799,-0.5452652265302885,0.4786253143336127,1193,0.7952047952047953,gap_fade,EURUSD,
0.3413779515801506,1.4484685801817987e-05,-5.804222372619614e-05,-1.207892911393707,-1.169352606530272,-0.5551476185576781,0.0427493713327745,1193,0.4685314685314685,month06,NZDUSD,
-0.0616619263553252,-3.019898506538236e-06,-7.924378018215515e-05,-1.2100671839415833,-1.22093267772866,-0.5561469142863501,0.1056160938809723,1193,0.4605394605394605,dow_Tue,USDCHF,
-1.0234076682472557,-4.6623644244616914e-05,-7.407835809227555e-05,-1.2139334136947373,-1.1976720273004409,-0.5579238335976687,0.0997485331098072,1193,0.4955044955044955,dow_Mon,USDCHF,
-1.5880976340919353,-5.3158258083364855e-05,-4.067943356941341e-05,-1.2145467990572716,-1.2186495725282462,-0.5582057455288151,0.0335289186923721,1193,0.4795204795204795,month12,USDCHF,
-1.3801798516238906,-4.15324994338136e-05,-5.382545443003816e-05,-1.2174956129378958,-1.1238108613570457,-0.559561020477411,0.0955574182732606,1193,0.4535464535464535,turn_of_month,EURCHF,
-0.262524164547909,-1.0044053163376253e-05,-6.043064198144013e-05,-1.250124019620772,-1.3425687754046856,-0.5745570371743133,0.0343671416596814,1193,0.5404595404595405,month10,AUDUSD,
-0.8578192915954844,-0.0001060622570583,-0.0002084462762688,-1.2523801116509143,-1.3301996413145274,-0.575593937139506,0.5029337803855826,1193,0.8941058941058941,mom21s5,EURJPY,
-1.0441800201404563,-4.808896481761334e-05,-4.380239330655927e-05,-1.2702909731112,-1.3221885557011366,-0.5838257696076022,0.066219614417435,1193,0.5774225774225774,last_week,EURGBP,
-1.7857003453592863,-0.0002656863734475,-0.0002422049355043,-1.273909885521503,-1.3238111963070154,-0.585489021860677,0.4979044425817267,1193,0.918081918081918,mom126,NZDUSD,
-1.7857003453592863,-0.0002656863734475,-0.0002422049355043,-1.273909885521503,-1.3238111963070154,-0.585489021860677,0.4979044425817267,1193,0.918081918081918,volmom126,NZDUSD,
0.0110439960666382,6.445882878142732e-07,-7.519936081192494e-05,-1.27923884771623,-1.299060618143044,-0.5879382130463204,0.0829840737636211,1193,0.6673326673326674,dow_Thu,EURUSD,
1.1694104641841834,8.181459819967919e-05,-0.0001303567904902,-1.296212762864437,-1.3005747415625388,-0.5957394249610874,0.4911986588432523,1193,0.922077922077922,mom126,EURCHF,
1.1694104641841834,8.181459819967919e-05,-0.0001303567904902,-1.296212762864437,-1.3005747415625388,-0.5957394249610874,0.4911986588432523,1193,0.922077922077922,volmom126,EURCHF,
0.5047605831390499,3.596681299818866e-05,-0.0001314278709911,-1.3069417677489263,-1.3456522453966595,-0.6006704759300392,0.4895222129086337,1193,0.9090909090909092,mom63s5,EURCHF,
-1.6428073905164045,-9.882369329114059e-05,-7.810314009364631e-05,-1.324382833040309,-1.324382833040309,-5.074237913357216,0.4441747572815534,412,,hour15,EURUSD,
-2.3291784017793207,-0.0002420011969533,-0.0001902278852013,-1.3446477200981717,-1.3001853531826064,-0.6180001327685583,0.4157585917854149,1193,0.8331668331668332,spx5,USDCHF,
-0.9319668736082964,-5.83404300182844e-05,-0.0001036593749789,-1.3804450035949891,-1.3608579304059016,-0.6344525653448557,0.0871751886001676,1193,0.4825174825174825,dow_Mon,NZDUSD,
0.2498663176182456,1.3217422110290647e-05,-5.3938418678013046e-05,-1.3916870230001486,-1.411254826700374,-0.6396193978030015,0.0930427493713327,1193,0.5944055944055944,dow_Mon,EURGBP,
-0.9883362528083696,-0.0001521181489297,-0.0002687436535784,-1.414321942720997,-1.5175655648377486,-0.6500224075903299,0.4895222129086337,1193,0.906093906093906,mom63,NZDUSD,
-0.9883362528083696,-0.0001521181489297,-0.0002687436535784,-1.414321942720997,-1.5175655648377486,-0.6500224075903299,0.4895222129086337,1193,0.906093906093906,volmom63,NZDUSD,
-0.1646547187302131,-2.6983302698732296e-05,-0.0002501967393247,-1.4149675781215536,-1.4970483220364477,-0.6503191416399254,0.4861693210393965,1193,0.9210789210789212,mom21,GBPJPY,
-0.8068398768272154,-2.6080168078927737e-05,-6.168370720847074e-05,-1.4292364477128272,-1.406698613895503,-0.6568771145350272,0.0963956412405699,1193,0.4785214785214785,dow_Mon,EURCHF,
-0.0885914624776457,-5.149751726073059e-06,-0.000109924832501,-1.4299509082524375,-1.4256822442715025,-0.6572054806206106,0.0838222967309304,1193,0.8811188811188811,turn_of_month,EURJPY,
-0.8432715265995694,-0.000128715422456,-0.0002747396979019,-1.433603220180561,-1.483264981665926,-0.6588840832930842,0.4853310980720872,1193,0.902097902097902,mom5,AUDUSD,
-1.3447907070772198,-0.0002000507680689,-0.0002738720385387,-1.441030983438894,-1.492078978984046,-0.6622978835109495,0.4870075440067057,1193,0.942057942057942,mom126s5,NZDUSD,
0.1550553294259818,2.3184988447529217e-05,-0.0002770815684716,-1.4461814656594647,-1.5400976504044903,-0.6646650452950802,0.4861693210393965,1193,0.9590409590409592,mom63,AUDUSD,
0.1550553294259818,2.3184988447529217e-05,-0.0002770815684716,-1.4461814656594647,-1.5400976504044903,-0.6646650452950802,0.4861693210393965,1193,0.9590409590409592,volmom63,AUDUSD,
-0.3260326125431428,-1.320624845644836e-05,-9.408767933563012e-05,-1.4504176827894102,-1.276879536531501,-0.6666120108159467,0.0452640402347024,1193,0.7082917082917083,month07,AUDJPY,
1.0538858674767717,0.0001163430478435,-0.0002165072903025,-1.452835263501438,-1.448743355314664,-0.6677231309842111,0.4945515507124895,1193,0.8721278721278721,rev1,USDCHF,
1.0538858674767717,0.0001163430478435,-0.0002165072903025,-1.452835263501438,-1.448743355314664,-0.6677231309842111,0.4945515507124895,1193,0.8721278721278721,gap_fade,USDCHF,
0.6464475942756479,4.940729715785709e-05,-0.0001250245374396,-1.4623457721728774,-1.4222385574229408,-0.6720941610568437,0.0712489522212908,1193,0.7802197802197802,shock_drift,GBPJPY,
0.2584107952635341,8.313120738869198e-06,-6.599966580719459e-05,-1.471902379667902,-1.2452155168731756,-0.6764863781501884,0.0318524727577535,1193,0.4755244755244755,month11,USDCHF,
-0.9955185018457762,-6.110247245713055e-05,-0.0001112604583302,-1.478683882108011,-1.3927572107316184,-0.6796031568764794,0.0653813914501257,1193,0.7712287712287712,last_week,AUDJPY,
-0.2164964609530537,-1.7424078681327693e-05,-0.0001477099379734,-1.4825516245113994,-1.5172847295985366,-0.6813807714018915,0.2598491198658843,1193,0.7882117882117882,rsi2,EURUSD,
1.2529209027106225,8.389144680097113e-05,-0.0001106002323524,-1.4881143844738198,-1.3102477308068552,-0.6839374160486279,0.0637049455155071,1193,0.7602397602397603,shock_drift,AUDUSD,
-1.5808256813984976,-8.478955338967466e-05,-9.454245905244369e-05,-1.4925637447274538,-1.774066860074621,-0.685982342155579,0.066219614417435,1193,0.5804195804195804,last_week,AUDUSD,
1.2316055251068403,5.626795873435054e-05,-0.0001036265250795,-1.5297669680051704,-1.3738284001305088,-0.7030809446976399,0.0611902766135792,1193,0.8361638361638362,last_week,EURJPY,
-0.378698082137501,-1.0374811436470194e-05,-6.142499670210141e-05,-1.5352865600323182,-1.498510500693956,-0.7056177493600215,0.0637049455155071,1193,0.4705294705294705,last_week,EURCHF,
-2.4035050648318514,-0.0002501360615381,-0.0002300515687926,-1.5447080364834238,-1.523409109234041,-0.7099478602214998,0.4803017602682313,1193,0.928071928071928,mom126s5,USDCHF,
-0.476771313472263,-1.5336646612515546e-05,-9.101583299641528e-05,-1.5509848131546016,-1.578218519019512,-0.712832666969146,0.0427493713327745,1193,0.7522477522477522,month07,GBPJPY,
0.2421552569423769,1.7542626373839477e-05,-0.0001565314693825,-1.5570245061693369,-1.496679468550932,-0.7156085100611309,0.4828164291701592,1193,0.93006993006993,mom21,EURCHF,
-1.0654220614284668,-3.391626254632847e-05,-9.820106895617853e-05,-1.5813014270787056,-1.3173757095178014,-0.7267661836442953,0.0452640402347024,1193,0.7292707292707292,month07,USDJPY,
1.6275345203270086,6.55213962282393e-05,-8.615668222332993e-05,-1.6029210955837925,-1.506955343518053,-0.7367025839421968,0.0318524727577535,1193,0.7202797202797203,month11,USDJPY,
-0.5093481310995253,-7.834401918980551e-05,-0.0002893889390555,-1.6366769618037833,-1.5544844082879758,-0.752216781076409,0.501257334450964,1193,0.9630369630369632,volmom126,GBPJPY,
-0.5093481310995253,-7.834401918980551e-05,-0.0002893889390555,-1.6366769618037833,-1.5544844082879758,-0.752216781076409,0.501257334450964,1193,0.9630369630369632,mom126,GBPJPY,
0.7948798709926452,3.769886002156084e-05,-6.89640946502872e-05,-1.6515959072139412,-1.6515959072139412,-6.312618135558828,0.427536231884058,414,,hour10,GBPUSD,
0.4472859348954488,1.8998698480820888e-05,-8.662978036870577e-05,-1.6588930273372908,-1.7661796714469171,-0.7624272854665851,0.0603520536462699,1193,0.6423576423576424,last_week,EURUSD,
-1.2193104393994445,-9.33238140333473e-05,-0.0001700667978986,-1.664139198160967,-1.675747802474527,-0.764838425735593,0.0955574182732606,1193,0.8421578421578422,dow_Thu,AUDJPY,
-2.286358260827922,-4.766091789706281e-05,-5.4835734720561184e-05,-1.7497841032643144,-1.7605770943583592,-0.8042008267077636,0.0419111483654652,1193,0.4665334665334665,dow_Fri,EURCHF,
-1.0176069284725004,-5.070809865001603e-05,-0.0001451647774801,-1.7775039265848642,-1.7454492519779143,-0.8169408583430904,0.0947191953059513,1193,0.5724275724275725,dow_Wed,USDCHF,
0.3534030056293735,9.766778817416878e-06,-0.0001044186836493,-1.7986002438136284,-1.6606113987734847,-0.8266367263785874,0.0452640402347024,1193,0.7722277722277723,month07,EURJPY,
0.4888195311026737,1.101394413594176e-05,-5.1930349504334144e-05,-1.8006168816977683,-1.843710318927794,-0.8275635732110452,0.0435875943000838,1193,0.4685314685314685,month07,EURCHF,
-0.7886588915619932,-5.289563854779071e-05,-0.0001811483120875,-1.913048529502356,-1.9096006674120003,-0.8792371619377267,0.4191114836546521,1193,0.9270729270729272,spx5,EURCHF,
0.9697821759849424,5.395186186862405e-05,-0.0001258896016098,-1.9277090682871048,-1.5512305685329102,-0.8859751460059793,0.0628667225481978,1193,0.7582417582417582,shock_drift,NZDUSD,
0.7884733881547664,2.1964095704935972e-05,-6.393883153331761e-05,-1.9337826524113737,-1.9337826524113737,-7.391173221319817,0.463768115942029,414,,hour01,GBPUSD,
-0.88374764030246,-0.0001445928216146,-0.0003419827678724,-1.9350754911974544,-1.965023963239129,-0.8893607541980588,0.4911986588432523,1193,0.968031968031968,mom21s5,GBPJPY,
-1.327123105849992,-0.0002037989366155,-0.0003680107938034,-1.937050590490124,-2.153737419072651,-0.8902685098926223,0.4803017602682313,1193,0.966033966033966,mom63s5,NZDUSD,
-0.3522102765134636,-2.5487411930424712e-05,-0.0002011447827199,-2.002360060456772,-2.107151889999164,-0.9202847442617892,0.4803017602682313,1193,0.975024975024975,mom21s5,EURCHF,
-0.7600879901722687,-3.732225102679912e-05,-0.0001638853360649,-2.118214043986655,-2.2708996645435517,-0.9735312385911788,0.2372170997485331,1193,0.908091908091908,rsi5,EURCHF,
-0.9696022765304686,-0.0001220264937719,-0.0003891315666716,-2.3825532500038578,-1.9156770143257051,-1.095021545660334,0.4719195305951383,1193,0.996003996003996,mom5,EURGBP,
-2.9906488528560096,-9.652252799698764e-05,-0.0001249741252791,-2.384341847186682,-2.379441257025189,-1.0958435849795802,0.0829840737636211,1193,0.5684315684315684,dow_Wed,EURCHF,
0.0234412921388636,1.7198748546383622e-06,-0.0001946101115175,-2.4376689252275217,-2.478839213743767,-1.1203527116577496,0.085498742665549,1193,0.7642357642357642,dow_Thu,GBPUSD,
-0.8276719417560373,-2.340841333891019e-05,-8.726413396093354e-05,-2.5072975677396654,-2.5072975677396654,-9.583223128746653,0.4420289855072464,414,,hour01,EURUSD,
0.4076172857282517,1.611440151282361e-05,-6.254352492676017e-05,-2.51802493205812,-2.457446800005724,-1.1572843348240278,0.0326906957250628,1193,0.5654345654345654,dow_Fri,EURGBP,
-1.1222873725344913,-8.228624172480054e-05,-0.00011558688891716737,-2.590120614256343,-2.590120614256343,-9.887849129424827,0.43855421686746987,415,,hour20,USDJPY,
-1.066191810571011,-7.670781949701057e-05,-0.0002649453711448,-2.753041489084153,-2.8141367481589725,-1.2652979515312308,0.0896898575020955,1193,0.7662337662337663,dow_Thu,AUDUSD,
-0.8863102999691712,-6.391138624041706e-05,-0.0002791911833994,-3.0257349407804144,-3.087049402697448,-1.390627870166799,0.0863369656328583,1193,0.6703296703296703,dow_Thu,NZDUSD,
-5.675383561219366,-0.0001531767544481161,-0.00013815020478811105,-4.109825491228407,-4.109825491228407,-16.50492818179958,0.32,375,,hour21,USDJPY,
,,,-7.3478053717355225,-7.3478053717355225,,,2245,,pre_event_drift,EURUSD,"corr(z, T-1h return)=-0.153"
