date,stocks_kb
1982-08/20,609219
1982-08/27,608741
1982-09/24,612419
1982-10/01,612419
1982-10/08,613985
1982-10/15,607781
1982-10/22,617763
1982-10/29,617335
1982-11/05,615963
1982-11/12,609646
1982-11/19,617599
1982-11/26,613795
1982-12/03,622410
1982-12/10,629452
1982-12/17,630630
1982-12/24,627549
1982-12/31,623364
1983-01/07,621519
1983-01/14,634468
1983-01/21,630862
1983-01/28,637996
1983-02/04,633444
1983-02/11,640679
1983-02/18,645786
1983-02/25,654800
1983-03/04,646180
1983-03/11,650270
1983-03/18,645657
1983-03/25,647475
1983-04/01,643056
1983-04/08,648846
1983-04/15,655356
1983-04/29,660163
1983-05/13,663452
1983-05/20,669661
1983-06/03,661439
1983-06/10,660809
1983-06/17,660684
1983-06/24,661690
1983-07/01,665523
1983-07/08,661437
1983-07/15,660062
1983-07/22,661544
1983-07/29,666229
1983-08/05,664421
1983-08/12,658793
1983-08/19,666568
1983-08/26,674046
1983-09/02,680678
1983-09/09,679709
1983-09/16,683787
1983-09/23,686492
1983-09/30,689484
1983-10/07,692999
1983-10/14,699225
1983-10/21,696893
1983-10/28,690351
1983-11/04,704161
1983-11/11,708907
1983-11/18,705019
1983-11/25,701334
1983-12/02,697555
1983-12/09,706710
1983-12/16,705916
1983-12/23,703653
1983-12/30,705337
1984-01/06,708734
1984-01/13,714404
1984-01/20,711607
1984-01/27,708756
1984-02/03,705612
1984-02/10,705509
1984-02/17,708374
1984-02/24,704934
1984-03/02,704980
1984-03/09,700691
1984-03/16,701182
1984-03/23,698337
1984-03/30,702304
1984-04/06,714188
1984-04/13,717586
1984-04/20,718835
1984-04/27,715681
1984-05/04,723838
1984-05/11,730750
1984-05/18,740010
1984-05/25,733307
1984-06/01,742484
1984-06/08,747383
1984-06/15,746599
1984-06/22,740444
1984-06/29,748609
1984-07/06,744108
1984-07/13,750181
1984-07/20,758675
1984-07/27,751701
1984-08/03,756297
1984-08/10,759664
1984-08/17,750944
1984-08/24,754372
1984-08/31,751064
1984-09/07,748773
1984-09/14,748108
1984-09/21,737364
1984-09/28,739492
1984-10/05,743297
1984-10/12,751690
1984-10/19,748669
1984-10/26,754795
1984-11/02,751015
1984-11/09,763846
1984-11/16,773429
1984-11/23,773912
1984-11/30,768654
1984-12/07,766366
1984-12/14,777877
1984-12/21,768096
1984-12/28,771438
1985-01/04,770428
1985-01/11,774958
1985-01/18,780308
1985-01/25,772083
1985-02/01,766692
1985-02/08,763744
1985-02/15,756182
1985-02/22,754681
1985-03/01,758276
1985-03/08,763336
1985-03/15,767742
1985-03/22,771428
1985-03/29,774415
1985-04/05,763617
1985-04/12,766706
1985-04/19,772102
1985-04/26,786256
1985-05/03,795287
1985-05/10,793732
1985-05/17,796117
1985-05/24,803864
1985-05/31,804735
1985-06/07,802494
1985-06/14,804732
1985-06/21,804696
1985-06/28,799832
1985-07/05,797353
1985-07/12,792929
1985-07/19,794981
1985-07/26,789271
1985-08/02,785661
1985-08/09,791222
1985-08/16,789594
1985-08/23,779687
1985-08/30,786600
1985-09/06,781785
1985-09/13,782583
1985-09/20,777560
1985-09/27,780424
1985-10/04,783916
1985-10/11,791591
1985-10/18,784206
1985-10/25,787738
1985-11/01,780656
1985-11/08,780274
1985-11/15,778424
1985-11/22,782470
1985-11/29,785197
1985-12/06,792203
1985-12/13,788853
1985-12/20,792841
1985-12/27,791217
1986-01/03,798463
1986-01/10,792572
1986-01/17,790772
1986-01/24,799138
1986-01/31,797385
1986-02/07,805774
1986-02/14,801146
1986-02/21,795347
1986-02/28,805240
1986-03/07,809635
1986-03/14,808349
1986-03/21,811129
1986-03/28,819985
1986-04/04,813207
1986-04/11,816908
1986-04/18,814778
1986-04/25,809669
1986-05/02,816069
1986-05/09,810120
1986-05/16,802132
1986-05/23,807720
1986-05/30,805047
1986-06/06,811116
1986-06/13,799944
1986-06/20,803586
1986-06/27,805292
1986-07/04,801127
1986-07/11,801002
1986-07/18,809815
1986-07/25,813146
1986-08/01,823410
1986-08/08,816324
1986-08/15,815062
1986-08/22,813333
1986-08/29,815928
1986-09/05,811219
1986-09/12,815806
1986-09/19,812938
1986-09/26,819659
1986-10/03,822132
1986-10/10,819391
1986-10/17,826816
1986-10/24,825240
1986-10/31,835276
1986-11/07,823166
1986-11/14,828077
1986-11/21,826852
1986-11/28,830304
1986-12/05,827450
1986-12/12,830737
1986-12/19,828638
1986-12/26,817598
1987-01/02,819387
1987-01/09,828882
1987-01/16,819732
1987-01/23,817272
1987-01/30,823390
1987-02/06,823679
1987-02/13,823320
1987-02/20,824014
1987-02/27,827982
1987-03/06,827072
1987-03/13,823961
1987-03/20,831803
1987-03/27,826956
1987-04/03,834010
1987-04/10,828837
1987-04/17,820369
1987-04/24,819417
1987-05/01,829550
1987-05/08,825486
1987-05/15,823633
1987-05/22,827225
1987-05/29,824387
1987-06/05,826689
1987-06/12,827429
1987-06/19,828312
1987-06/26,831226
1987-07/03,832132
1987-07/10,830849
1987-07/17,827036
1987-07/24,830873
1987-07/31,836747
1987-08/07,831468
1987-08/14,833262
1987-08/21,840508
1987-08/28,841422
1987-09/04,845465
1987-09/11,845005
1987-09/18,845642
1987-09/25,849438
1987-10/02,848080
1987-10/09,844855
1987-10/16,847983
1987-10/23,851818
1987-10/30,864201
1987-11/06,869362
1987-11/13,871678
1987-11/20,875509
1987-11/27,873521
1987-12/04,875851
1987-12/11,877201
1987-12/18,879721
1987-12/25,879336
1988-01/01,874314
1988-01/08,861844
1988-01/15,862053
1988-01/22,861245
1988-01/29,858440
1988-02/05,859847
1988-02/12,855598
1988-02/19,864088
1988-02/26,867717
1988-03/04,869420
1988-03/11,869831
1988-03/18,873580
1988-03/25,872216
1988-04/01,873464
1988-04/08,879484
1988-04/15,879480
1988-04/22,884261
1988-04/29,881732
1988-05/06,887593
1988-05/13,890802
1988-05/20,892721
1988-05/27,888805
1988-06/03,890957
1988-06/10,889280
1988-06/17,893477
1988-06/24,891199
1988-07/01,892007
1988-07/08,890187
1988-07/15,885007
1988-07/22,881794
1988-07/29,883710
1988-08/05,881982
1988-08/12,879618
1988-08/19,874852
1988-08/26,870652
1988-09/02,865685
1988-09/09,864719
1988-09/16,858179
1988-09/23,853974
1988-09/30,860182
1988-10/07,859596
1988-10/14,865096
1988-10/21,870245
1988-10/28,872404
1988-11/04,878098
1988-11/11,875519
1988-11/18,884503
1988-11/25,880588
1988-12/02,878419
1988-12/09,882921
1988-12/16,878157
1988-12/23,873932
1988-12/30,873167
1989-01/06,865484
1989-01/13,863426
1989-01/20,867699
1989-01/27,868194
1989-02/03,875807
1989-02/10,867901
1989-02/17,869093
1989-02/24,868629
1989-03/03,878921
1989-03/10,878057
1989-03/17,883938
1989-03/24,883413
1989-03/31,873367
1989-04/07,872737
1989-04/14,868793
1989-04/21,879185
1989-04/28,883997
1989-05/05,895047
1989-05/12,897795
1989-05/19,891310
1989-05/26,889909
1989-06/02,895289
1989-06/09,892553
1989-06/16,890135
1989-06/23,893650
1989-06/30,887176
1989-07/07,887810
1989-07/14,886281
1989-07/21,885624
1989-07/28,887725
1989-08/04,887592
1989-08/11,884553
1989-08/18,893519
1989-08/25,892770
1989-09/01,893339
1989-09/08,896173
1989-09/15,885661
1989-09/22,887135
1989-09/29,890249
1989-10/06,895525
1989-10/13,901350
1989-10/20,894932
1989-10/27,900068
1989-11/03,898681
1989-11/10,906613
1989-11/17,906781
1989-11/24,903612
1989-12/01,911872
1989-12/08,902906
1989-12/15,907860
1989-12/22,905214
1989-12/29,904134
1990-01/05,904076
1990-01/12,908047
1990-01/19,906401
1990-01/26,904351
1990-02/02,914727
1990-02/09,910241
1990-02/16,907794
1990-02/23,903218
1990-03/02,906741
1990-03/09,913559
1990-03/16,912113
1990-03/23,921348
1990-03/30,924282
1990-04/06,932221
1990-04/13,933138
1990-04/20,931578
1990-04/27,936163
1990-05/04,936904
1990-05/11,942503
1990-05/18,947177
1990-05/25,948900
1990-06/01,951799
1990-06/08,953667
1990-06/15,953182
1990-06/22,953885
1990-06/29,955394
1990-07/06,952344
1990-07/13,956879
1990-07/20,954702
1990-07/27,959271
1990-08/03,951525
1990-08/10,946681
1990-08/17,947535
1990-08/24,950649
1990-08/31,946333
1990-09/07,949206
1990-09/14,943559
1990-09/21,937834
1990-09/28,928007
1990-10/05,925894
1990-10/12,918375
1990-10/19,915615
1990-10/26,916857
1990-11/02,920758
1990-11/09,921253
1990-11/16,915231
1990-11/23,911584
1990-11/30,913758
1990-12/07,907428
1990-12/14,905846
1990-12/21,907684
1990-12/28,901612
1991-01/04,893234
1991-01/11,894131
1991-01/18,892742
1991-01/25,892735
1991-02/01,895841
1991-02/08,896124
1991-02/15,900784
1991-02/22,899428
1991-03/01,897522
1991-03/08,892038
1991-03/15,895651
1991-03/22,893991
1991-03/29,897685
1991-04/05,889746
1991-04/12,894244
1991-04/19,891158
1991-04/26,896702
1991-05/03,892623
1991-05/10,892389
1991-05/17,898381
1991-05/24,897808
1991-05/31,904685
1991-06/07,905491
1991-06/14,906290
1991-06/21,904911
1991-06/28,901859
1991-07/05,903062
1991-07/12,902012
1991-07/19,900227
1991-07/26,896458
1991-08/02,897147
1991-08/09,898861
1991-08/16,896942
1991-08/23,902246
1991-08/30,904148
1991-09/06,894389
1991-09/13,887822
1991-09/20,887953
1991-09/27,892660
1991-10/04,891572
1991-10/11,894905
1991-10/18,892445
1991-10/25,901266
1991-11/01,895148
1991-11/08,898963
1991-11/15,904101
1991-11/22,898093
1991-11/29,892636
1991-12/06,897629
1991-12/13,891591
1991-12/20,887439
1991-12/27,877359
1992-01/03,883325
1992-01/10,886822
1992-01/17,885646
1992-01/24,891317
1992-01/31,886901
1992-02/07,886715
1992-02/14,884910
1992-02/21,888085
1992-02/28,895106
1992-03/06,901404
1992-03/13,895959
1992-03/20,899490
1992-03/27,893970
1992-04/03,890369
1992-04/10,898825
1992-04/17,901631
1992-04/24,902433
1992-05/01,903887
1992-05/08,903227
1992-05/15,904522
1992-05/22,899933
1992-05/29,897287
1992-06/05,898109
1992-06/12,898908
1992-06/19,892607
1992-06/26,882710
1992-07/03,881717
1992-07/10,884380
1992-07/17,878013
1992-07/24,877987
1992-07/31,883778
1992-08/07,882007
1992-08/14,881014
1992-08/21,885873
1992-08/28,878737
1992-09/04,880886
1992-09/11,880433
1992-09/18,881269
1992-09/25,876535
1992-10/02,880511
1992-10/09,879730
1992-10/16,883838
1992-10/23,884863
1992-10/30,888470
1992-11/06,882153
1992-11/13,875112
1992-11/20,880930
1992-11/27,882477
1992-12/04,881426
1992-12/11,887200
1992-12/18,887235
1992-12/25,875615
1993-01/01,876611
1993-01/08,874064
1993-01/15,882249
1993-01/22,881251
1993-01/29,883355
1993-02/05,887030
1993-02/12,893719
1993-02/19,883668
1993-02/26,891690
1993-03/05,897703
1993-03/12,903521
1993-03/19,891156
1993-03/26,899598
1993-04/02,900495
1993-04/09,913006
1993-04/16,903746
1993-04/23,906088
1993-04/30,910430
1993-05/07,911324
1993-05/14,916789
1993-05/21,920155
1993-05/28,916420
1993-06/04,914807
1993-06/11,906891
1993-06/18,916450
1993-06/25,922740
1993-07/02,914521
1993-07/09,918171
1993-07/16,926522
1993-07/23,920995
1993-07/30,916578
1993-08/06,917991
1993-08/13,913740
1993-08/20,909179
1993-08/27,910619
1993-09/03,904586
1993-09/10,905908
1993-09/17,906793
1993-09/24,897592
1993-10/01,895578
1993-10/08,899907
1993-10/15,895285
1993-10/22,902793
1993-10/29,904663
1993-11/05,901318
1993-11/12,906498
1993-11/19,901306
1993-11/26,902758
1993-12/03,908302
1993-12/10,914631
1993-12/17,917131
1993-12/24,916963
1993-12/31,910560
1994-01/07,903673
1994-01/14,903479
1994-01/21,898067
1994-01/28,901175
1994-02/04,905029
1994-02/11,900674
1994-02/18,903702
1994-02/25,896520
1994-03/04,904138
1994-03/11,899062
1994-03/18,912941
1994-03/25,907810
1994-04/01,907886
1994-04/08,909488
1994-04/15,912342
1994-04/22,912420
1994-04/29,913330
1994-05/06,907637
1994-05/13,906693
1994-05/20,908347
1994-05/27,907253
1994-06/03,902769
1994-06/10,899965
1994-06/17,898398
1994-06/24,901877
1994-07/01,902820
1994-07/08,903485
1994-07/15,906667
1994-07/22,909925
1994-07/29,904073
1994-08/05,901556
1994-08/12,904670
1994-08/19,901834
1994-08/26,899390
1994-09/02,899205
1994-09/09,898945
1994-09/16,900400
1994-09/23,906295
1994-09/30,909566
1994-10/07,908634
1994-10/14,913075
1994-10/21,911246
1994-10/28,920581
1994-11/04,919593
1994-11/11,918863
1994-11/18,915885
1994-11/25,913413
1994-12/02,913367
1994-12/09,911878
1994-12/16,911223
1994-12/23,911909
1994-12/30,904519
1995-01/06,906233
1995-01/13,904948
1995-01/20,898534
1995-01/27,898253
1995-02/03,901480
1995-02/10,895147
1995-02/17,902510
1995-02/24,896939
1995-03/03,899905
1995-03/10,900392
1995-03/17,900931
1995-03/24,904981
1995-03/31,912742
1995-04/07,909938
1995-04/14,911122
1995-04/21,914145
1995-04/28,910037
1995-05/05,908116
1995-05/12,908938
1995-05/19,904789
1995-05/26,901770
1995-06/02,899614
1995-06/09,899059
1995-06/16,898570
1995-06/23,891103
1995-06/30,894829
1995-07/07,893654
1995-07/14,893637
1995-07/21,886757
1995-07/28,889706
1995-08/04,882865
1995-08/11,885340
1995-08/18,877950
1995-08/25,880903
1995-09/01,888324
1995-09/08,883722
1995-09/15,882818
1995-09/22,882268
1995-09/29,877213
1995-10/06,872829
1995-10/13,872804
1995-10/20,874975
1995-10/27,876499
1995-11/03,879790
1995-11/10,878159
1995-11/17,887768
1995-11/24,893847
1995-12/01,890735
1995-12/08,886475
1995-12/15,892325
1995-12/22,886465
1995-12/29,876239
1996-01/05,877271
1996-01/12,880191
1996-01/19,884469
1996-01/26,882724
1996-02/02,880314
1996-02/09,878080
1996-02/16,875010
1996-02/23,875353
1996-03/01,872078
1996-03/08,880303
1996-03/15,875021
1996-03/22,873804
1996-03/29,869246
1996-04/05,871553
1996-04/12,871467
1996-04/19,866788
1996-04/26,865917
1996-05/03,873097
1996-05/10,871395
1996-05/17,866935
1996-05/24,868063
1996-05/31,879330
1996-06/07,877666
1996-06/14,874656
1996-06/21,874178
1996-06/28,881031
1996-07/05,882687
1996-07/12,879679
1996-07/19,875440
1996-07/26,876086
1996-08/02,873207
1996-08/09,870523
1996-08/16,871882
1996-08/23,881010
1996-08/30,874299
1996-09/06,870137
1996-09/13,866819
1996-09/20,867471
1996-09/27,860303
1996-10/04,859926
1996-10/11,856619
1996-10/18,862360
1996-10/25,859301
1996-11/01,869551
1996-11/08,864383
1996-11/15,861687
1996-11/22,855564
1996-11/29,854847
1996-12/06,852835
1996-12/13,849608
1996-12/20,841779
1996-12/27,843594
1997-01/03,834666
1997-01/10,838772
1997-01/17,836679
1997-01/24,839646
1997-01/31,844691
1997-02/07,847731
1997-02/14,852214
1997-02/21,852050
1997-02/28,846627
1997-03/07,851957
1997-03/14,852059
1997-03/21,850971
1997-03/28,857317
1997-04/04,857515
1997-04/11,860134
1997-04/18,861594
1997-04/25,864420
1997-05/02,864354
1997-05/09,870743
1997-05/16,865308
1997-05/23,868522
1997-05/30,872724
1997-06/06,872308
1997-06/13,871048
1997-06/20,870585
1997-06/27,864858
1997-07/04,869677
1997-07/11,867214
1997-07/18,865229
1997-07/25,855339
1997-08/01,854575
1997-08/08,859710
1997-08/15,860334
1997-08/22,855080
1997-08/29,853478
1997-09/05,847380
1997-09/12,851171
1997-09/19,847288
1997-09/26,848606
1997-10/03,853393
1997-10/10,851216
1997-10/17,847918
1997-10/24,852523
1997-10/31,858542
1997-11/07,857233
1997-11/14,862514
1997-11/21,866288
1997-11/28,869108
1997-12/05,864350
1997-12/12,866890
1997-12/19,862912
1997-12/26,859660
1998-01/02,853194
1998-01/09,852114
1998-01/16,863326
1998-01/23,869012
1998-01/30,868440
1998-02/06,868412
1998-02/13,870115
1998-02/20,872998
1998-02/27,871399
1998-03/06,870624
1998-03/13,868563
1998-03/20,875032
1998-03/27,876626
1998-04/03,877995
1998-04/10,883325
1998-04/17,888332
1998-04/24,888635
1998-05/01,890794
1998-05/08,890131
1998-05/15,901354
1998-05/22,898108
1998-05/29,893820
1998-06/05,892960
1998-06/12,890262
1998-06/19,888610
1998-06/26,890271
1998-07/03,887485
1998-07/10,880854
1998-07/17,886395
1998-07/24,890224
1998-07/31,890907
1998-08/07,891852
1998-08/14,891316
1998-08/21,884438
1998-08/28,884120
1998-09/04,875483
1998-09/11,873101
1998-09/18,863762
1998-09/25,866859
1998-10/02,869319
1998-10/09,876108
1998-10/16,879653
1998-10/23,883390
1998-10/30,887165
1998-11/06,886358
1998-11/13,884412
1998-11/20,889569
1998-11/27,884001
1998-12/04,882480
1998-12/11,885899
1998-12/18,891889
1998-12/25,889231
1999-01/01,874253
1999-01/08,876793
1999-01/15,879500
1999-01/22,885553
1999-01/29,888135
1999-02/05,888536
1999-02/12,887344
1999-02/19,890431
1999-02/26,887225
1999-03/05,890217
1999-03/12,893880
1999-03/19,896687
1999-03/26,900490
1999-04/02,898719
1999-04/09,900836
1999-04/16,897680
1999-04/23,894237
1999-04/30,892096
1999-05/07,889490
1999-05/14,890544
1999-05/21,888221
1999-05/28,887174
1999-06/04,889310
1999-06/11,892267
1999-06/18,889544
1999-06/25,887820
1999-07/02,887625
1999-07/09,891313
1999-07/16,892891
1999-07/23,887715
1999-07/30,884315
1999-08/06,882048
1999-08/13,881318
1999-08/20,876793
1999-08/27,877355
1999-09/03,872914
1999-09/10,868632
1999-09/17,867995
1999-09/24,863738
1999-10/01,863271
1999-10/08,856062
1999-10/15,860081
1999-10/22,860350
1999-10/29,864071
1999-11/05,861746
1999-11/12,863524
1999-11/19,858663
1999-11/26,853174
1999-12/03,852178
1999-12/10,845452
1999-12/17,844622
1999-12/24,844029
1999-12/31,842310
2000-01/07,844791
2000-01/14,844982
2000-01/21,843147
2000-01/28,835028
2000-02/04,838976
2000-02/11,839088
2000-02/18,838780
2000-02/25,838911
2000-03/03,843876
2000-03/10,844307
2000-03/17,845945
2000-03/24,845795
2000-03/31,847336
2000-04/07,850183
2000-04/14,855678
2000-04/21,860748
2000-04/28,857484
2000-05/05,862020
2000-05/12,862270
2000-05/19,863219
2000-05/26,858618
2000-06/02,854488
2000-06/09,853052
2000-06/16,848491
2000-06/23,847822
2000-06/30,846028
2000-07/07,847777
2000-07/14,847768
2000-07/21,848042
2000-07/28,837588
2000-08/04,840011
2000-08/11,843925
2000-08/18,839767
2000-08/25,842054
2000-09/01,844797
2000-09/08,844129
2000-09/15,841647
2000-09/22,841146
2000-09/29,841541
2000-10/06,842032
2000-10/13,837997
2000-10/20,840402
2000-10/27,836037
2000-11/03,832589
2000-11/10,832589
2000-11/17,834581
2000-11/24,828454
2000-12/01,828995
2000-12/08,820530
2000-12/15,819194
2000-12/22,816514
2000-12/29,813959
2001-01/05,812750
2001-01/12,811740
2001-01/19,810630
2001-01/26,807060
2001-02/02,810971
2001-02/09,814338
2001-02/16,802458
2001-02/23,805337
2001-03/02,802625
2001-03/09,811050
2001-03/16,816213
2001-03/23,827401
2001-03/30,829086
2001-04/06,832897
2001-04/13,839107
2001-04/20,837742
2001-04/27,844067
2001-05/04,845144
2001-05/11,848081
2001-05/18,851423
2001-05/25,849681
2001-06/01,851183
2001-06/08,842979
2001-06/15,842251
2001-06/22,842243
2001-06/29,837490
2001-07/06,834845
2001-07/13,841866
2001-07/20,843246
2001-07/27,842196
2001-08/03,835537
2001-08/10,832688
2001-08/17,828685
2001-08/24,831382
2001-08/31,829428
2001-09/07,830389
2001-09/14,830307
2001-09/21,833974
2001-09/28,835586
2001-10/05,835459
2001-10/12,831019
2001-10/19,833842
2001-10/26,836298
2001-11/02,840757
2001-11/09,841019
2001-11/16,840320
2001-11/23,837664
2001-11/30,842465
2001-12/07,840128
2001-12/14,841508
2001-12/21,844824
2001-12/28,842654
2002-01/04,844645
2002-01/11,846705
2002-01/18,850640
2002-01/25,853793
2002-02/01,856721
2002-02/08,862065
2002-02/15,859337
2002-02/22,858593
2002-03/01,863481
2002-03/08,864053
2002-03/15,867613
2002-03/22,863169
2002-03/29,869193
2002-04/05,870028
2002-04/12,865998
2002-04/19,869400
2002-04/26,874551
2002-05/03,870114
2002-05/10,866889
2002-05/17,872140
2002-05/24,871756
2002-05/31,879039
2002-06/07,878974
2002-06/14,879382
2002-06/21,877526
2002-06/28,880183
2002-07/05,876805
2002-07/12,875906
2002-07/19,872747
2002-07/26,870770
2002-08/02,869164
2002-08/09,862532
2002-08/16,865875
2002-08/23,866770
2002-08/30,862811
2002-09/06,859139
2002-09/13,855101
2002-09/20,852861
2002-09/27,844179
2002-10/04,840480
2002-10/11,850954
2002-10/18,858130
2002-10/25,859477
2002-11/01,863471
2002-11/08,858147
2002-11/15,863910
2002-11/22,861568
2002-11/29,865775
2002-12/06,869699
2002-12/13,868583
2002-12/20,870009
2002-12/27,860984
2003-01/03,861603
2003-01/10,855330
2003-01/17,856915
2003-01/24,856403
2003-01/31,857347
2003-02/07,853026
2003-02/14,856084
2003-02/21,855050
2003-02/28,856747
2003-03/07,852459
2003-03/14,852931
2003-03/21,856636
2003-03/28,863369
2003-04/04,859871
2003-04/11,860204
2003-04/18,869175
2003-04/25,870997
2003-05/02,870684
2003-05/09,868766
2003-05/16,870120
2003-05/23,871669
2003-05/30,875458
2003-06/06,872215
2003-06/13,877458
2003-06/20,873611
2003-06/27,873290
2003-07/04,874511
2003-07/11,871489
2003-07/18,869850
2003-07/25,871644
2003-08/01,876495
2003-08/08,876824
2003-08/15,875376
2003-08/22,878418
2003-08/29,881246
2003-09/05,878240
2003-09/12,883161
2003-09/19,885790
2003-09/26,886376
2003-10/03,893028
2003-10/10,898706
2003-10/17,898318
2003-10/24,903615
2003-10/31,904900
2003-11/07,905184
2003-11/14,909107
2003-11/21,904631
2003-11/28,900547
2003-12/05,895901
2003-12/12,891298
2003-12/19,893901
2003-12/26,890821
2004-01/02,890843
2004-01/09,886904
2004-01/16,888425
2004-01/23,887785
2004-01/30,896308
2004-02/06,894047
2004-02/13,900536
2004-02/20,902419
2004-02/27,905673
2004-03/05,910271
2004-03/12,912509
2004-03/19,921410
2004-03/26,928421
2004-04/02,928261
2004-04/09,932251
2004-04/16,933786
2004-04/23,939155
2004-04/30,940336
2004-05/07,942709
2004-05/14,941911
2004-05/21,942085
2004-05/28,945730
2004-06/04,947442
2004-06/11,948290
2004-06/18,950705
2004-06/25,951242
2004-07/02,951332
2004-07/09,949656
2004-07/16,946080
2004-07/23,948346
2004-07/30,947080
2004-08/06,944097
2004-08/13,943398
2004-08/20,942724
2004-08/27,939800
2004-09/03,938757
2004-09/10,932043
2004-09/17,923487
2004-09/24,927473
2004-10/01,928062
2004-10/08,931315
2004-10/15,932262
2004-10/22,936852
2004-10/29,943244
2004-11/05,945555
2004-11/12,947295
2004-11/19,947379
2004-11/26,948228
2004-12/03,950294
2004-12/10,950630
2004-12/17,953126
2004-12/24,952267
2004-12/31,949442
2005-01/07,948666
2005-01/14,952921
2005-01/21,957508
2005-01/28,958193
2005-02/04,957831
2005-02/11,960813
2005-02/18,961965
2005-02/25,964814
2005-03/04,968291
2005-03/11,972526
2005-03/18,978334
2005-03/25,985227
2005-04/01,988651
2005-04/08,993556
2005-04/15,992836
2005-04/22,999187
2005-04/29,1002342
2005-05/06,1005574
2005-05/13,1010372
2005-05/20,1009127
2005-05/27,1011001
2005-06/03,1008650
2005-06/10,1007863
2005-06/17,1006912
2005-06/24,1008253
2005-07/01,1005184
2005-07/08,1001985
2005-07/15,1001569
2005-07/22,999840
2005-07/29,1000241
2005-08/05,1003723
2005-08/12,1004787
2005-08/19,1007114
2005-08/26,1005863
2005-09/02,999438
2005-09/09,991578
2005-09/16,988520
2005-09/23,985144
2005-09/30,982648
2005-10/07,980844
2005-10/14,984579
2005-10/21,987393
2005-10/28,988227
2005-11/04,991936
2005-11/11,989977
2005-11/18,990031
2005-11/25,986543
2005-12/02,989830
2005-12/09,990722
2005-12/16,991522
2005-12/23,991640
2005-12/30,990127
2006-01/06,986884
2006-01/13,989625
2006-01/20,987512
2006-01/27,988635
2006-02/03,988423
2006-02/10,993276
2006-02/17,994797
2006-02/24,996735
2006-03/03,1003576
2006-03/10,1008412
2006-03/17,1007502
2006-03/24,1010032
2006-03/31,1012742
2006-04/07,1016051
2006-04/14,1015684
2006-04/21,1015678
2006-04/28,1017903
2006-05/05,1018672
2006-05/12,1019149
2006-05/19,1016151
2006-05/26,1017749
2006-06/02,1019032
2006-06/09,1018051
2006-06/16,1019438
2006-06/23,1016108
2006-06/30,1013687
2006-07/07,1007007
2006-07/14,1007157
2006-07/21,1007187
2006-07/28,1005412
2006-08/04,1004225
2006-08/11,1002618
2006-08/18,1001973
2006-08/25,1004453
2006-09/01,1002349
2006-09/08,999443
2006-09/15,996594
2006-09/22,996484
2006-09/29,999839
2006-10/06,1002059
2006-10/13,1007078
2006-10/20,1004142
2006-10/27,1006295
2006-11/03,1006889
2006-11/10,1008262
2006-11/17,1013423
2006-11/24,1013063
2006-12/01,1011873
2006-12/08,1007578
2006-12/15,1001255
2006-12/22,993123
2006-12/29,991824
2007-01/05,986075
2007-01/12,992843
2007-01/19,993632
2007-01/26,996316
2007-02/02,995798
2007-02/09,995209
2007-02/16,998903
2007-02/23,1000324
2007-03/02,995426
2007-03/09,996606
2007-03/16,1000530
2007-03/23,999683
2007-03/30,1003990
2007-04/06,1004880
2007-04/13,1004140
2007-04/20,1006324
2007-04/27,1007781
2007-05/04,1013417
2007-05/11,1014610
2007-05/18,1016661
2007-05/25,1015002
2007-06/01,1015497
2007-06/08,1015579
2007-06/15,1022481
2007-06/22,1024043
2007-06/29,1027194
2007-07/06,1025606
2007-07/13,1025157
2007-07/20,1024054
2007-07/27,1017557
2007-08/03,1013596
2007-08/10,1008429
2007-08/17,1010319
2007-08/24,1006834
2007-08/31,1002862
2007-09/07,996015
2007-09/14,992616
2007-09/21,996087
2007-09/28,997488
2007-10/05,995678
2007-10/12,997964
2007-10/19,993222
2007-10/26,989420
2007-11/02,988552
2007-11/09,992011
2007-11/16,991033
2007-11/23,990581
2007-11/30,983304
2007-12/07,982309
2007-12/14,974820
2007-12/21,971422
2007-12/28,968240
2008-01/04,961910
2008-01/11,967689
2008-01/18,970063
2008-01/25,973617
2008-02/01,980594
2008-02/08,981755
2008-02/15,985959
2008-02/22,989418
2008-02/29,986496
2008-03/07,993007
2008-03/14,993822
2008-03/21,993909
2008-03/28,1001473
2008-04/04,998888
2008-04/11,997173
2008-04/18,999713
2008-04/25,1003768
2008-05/02,1009413
2008-05/09,1010250
2008-05/16,1005591
2008-05/23,997347
2008-05/30,993358
2008-06/06,988932
2008-06/13,988181
2008-06/20,989086
2008-06/27,988081
2008-07/04,982508
2008-07/11,985572
2008-07/18,984130
2008-07/25,984165
2008-08/01,986178
2008-08/08,986262
2008-08/15,995651
2008-08/22,995473
2008-08/29,993575
2008-09/05,987695
2008-09/12,981366
2008-09/19,978423
2008-09/26,981326
2008-10/03,987518
2008-10/10,992849
2008-10/17,995784
2008-10/24,996223
2008-10/31,996277
2008-11/07,996225
2008-11/14,997823
2008-11/21,1005103
2008-11/28,1004647
2008-12/05,1004997
2008-12/12,1005522
2008-12/19,1002419
2008-12/26,1002966
2009-01/02,1009060
2009-01/09,1010270
2009-01/16,1016543
2009-01/23,1023494
2009-01/30,1031387
2009-02/06,1036330
2009-02/13,1036291
2009-02/20,1037237
2009-02/27,1037212
2009-03/06,1038519
2009-03/13,1042262
2009-03/20,1047411
2009-03/27,1051927
2009-04/03,1055215
2009-04/10,1062149
2009-04/17,1067304
2009-04/24,1072582
2009-05/01,1075600
2009-05/08,1071826
2009-05/15,1070460
2009-05/22,1066332
2009-05/29,1069282
2009-06/05,1064886
2009-06/12,1061597
2009-06/19,1058224
2009-06/26,1055203
2009-07/03,1052501
2009-07/10,1050368
2009-07/17,1048571
2009-07/24,1053722
2009-07/31,1055392
2009-08/07,1058086
2009-08/14,1049688
2009-08/21,1049816
2009-08/28,1049443
2009-09/04,1043637
2009-09/11,1039407
2009-09/18,1042760
2009-09/25,1045554
2009-10/02,1044419
2009-10/09,1044753
2009-10/16,1046063
2009-10/23,1046839
2009-10/30,1042903
2009-11/06,1044690
2009-11/13,1043803
2009-11/20,1044821
2009-11/27,1047435
2009-12/04,1044166
2009-12/11,1040477
2009-12/18,1035635
2009-12/25,1034096
2010-01/01,1033243
2010-01/08,1036941
2010-01/15,1036470
2010-01/22,1032581
2010-01/29,1034898
2010-02/05,1037189
2010-02/12,1040274
2010-02/19,1043308
2010-02/26,1047340
2010-03/05,1048808
2010-03/12,1049820
2010-03/19,1057064
2010-03/26,1059993
2010-04/02,1062138
2010-04/09,1059934
2010-04/16,1061826
2010-04/23,1063788
2010-04/30,1066543
2010-05/07,1068460
2010-05/14,1068620
2010-05/21,1071080
2010-05/28,1069176
2010-06/04,1067501
2010-06/11,1069190
2010-06/18,1071207
2010-06/25,1069198
2010-07/02,1064153
2010-07/09,1059095
2010-07/16,1059455
2010-07/23,1066761
2010-07/30,1063977
2010-08/06,1060976
2010-08/13,1060158
2010-08/20,1064264
2010-08/27,1067688
2010-09/03,1065918
2010-09/10,1063429
2010-09/17,1063995
2010-09/24,1063693
2010-10/01,1066536
2010-10/08,1066283
2010-10/15,1066948
2010-10/22,1071996
2010-10/29,1073946
2010-11/05,1070399
2010-11/12,1063113
2010-11/19,1064141
2010-11/26,1065206
2010-12/03,1061072
2010-12/10,1051218
2010-12/17,1045883
2010-12/24,1044625
2010-12/31,1040464
2011-01/07,1038071
2011-01/14,1040687
2011-01/21,1045523
2011-01/28,1048117
2011-02/04,1049948
2011-02/11,1050807
2011-02/18,1051629
2011-02/25,1051265
2011-03/04,1053641
2011-03/11,1055386
2011-03/18,1057517
2011-03/25,1060462
2011-04/01,1062078
2011-04/08,1063705
2011-04/15,1061383
2011-04/22,1067539
2011-04/29,1070960
2011-05/06,1074592
2011-05/13,1074577
2011-05/20,1075193
2011-05/27,1078071
2011-06/03,1073439
2011-06/10,1070033
2011-06/17,1068311
2011-06/24,1063936
2011-07/01,1063063
2011-07/08,1059939
2011-07/15,1056212
2011-07/22,1056240
2011-07/29,1052688
2011-08/05,1045073
2011-08/12,1043392
2011-08/19,1036377
2011-08/26,1036932
2011-09/02,1028085
2011-09/09,1020381
2011-09/16,1013045
2011-09/23,1014974
2011-09/30,1010295
2011-10/07,1011531
2011-10/14,1006797
2011-10/21,1011532
2011-10/28,1013358
2011-11/04,1011770
2011-11/11,1010713
2011-11/18,1004495
2011-11/25,1008427
2011-12/02,1009576
2011-12/09,1007644
2011-12/16,997074
2011-12/23,1000973
2011-12/30,1003182
2012-01/06,1005007
2012-01/13,1001569
2012-01/20,1005127
2012-01/27,1009302
2012-02/03,1009593
2012-02/10,1009422
2012-02/17,1011055
2012-02/24,1015215
2012-03/02,1016063
2012-03/09,1017813
2012-03/16,1016651
2012-03/23,1023753
2012-03/30,1032762
2012-04/06,1035328
2012-04/13,1039184
2012-04/20,1043162
2012-04/27,1046002
2012-05/04,1051291
2012-05/11,1053419
2012-05/18,1054302
2012-05/25,1056515
2012-06/01,1054752
2012-06/08,1054561
2012-06/15,1057422
2012-06/22,1057289
2012-06/29,1053019
2012-07/06,1048164
2012-07/13,1047355
2012-07/20,1050072
2012-07/27,1043549
2012-08/03,1039774
2012-08/10,1036075
2012-08/17,1030663
2012-08/24,1034441
2012-08/31,1027015
2012-09/07,1027424
2012-09/14,1035960
2012-09/21,1033514
2012-09/28,1033032
2012-10/05,1034544
2012-10/12,1037404
2012-10/19,1043300
2012-10/26,1041255
2012-11/02,1042802
2012-11/09,1043891
2012-11/16,1042425
2012-11/23,1042078
2012-11/30,1039721
2012-12/07,1039861
2012-12/14,1038897
2012-12/21,1038311
2012-12/28,1027191
2013-01/04,1028083
2013-01/11,1027447
2013-01/18,1030260
2013-01/25,1036400
2013-02/01,1039081
2013-02/08,1039803
2013-02/15,1043946
2013-02/22,1045076
2013-03/01,1048812
2013-03/08,1051436
2013-03/15,1050122
2013-03/22,1053378
2013-03/29,1056085
2013-04/05,1055967
2013-04/12,1054734
2013-04/19,1055681
2013-04/26,1062377
2013-05/03,1062748
2013-05/10,1062124
2013-05/17,1061786
2013-05/24,1064786
2013-05/31,1058519
2013-06/07,1061148
2013-06/14,1061461
2013-06/21,1061479
2013-06/28,1051132
2013-07/05,1041395
2013-07/12,1034493
2013-07/19,1031668
2013-07/26,1032099
2013-08/02,1030668
2013-08/09,1027856
2013-08/16,1026428
2013-08/23,1029414
2013-08/30,1027578
2013-09/06,1026960
2013-09/13,1022592
2013-09/20,1025227
2013-09/27,1030699
2013-10/04,1037443
2013-10/11,1041442
2013-10/18,1046688
2013-10/25,1050775
2013-11/01,1051964
2013-11/08,1054604
2013-11/15,1054979
2013-11/22,1057932
2013-11/29,1052347
2013-12/06,1041343
2013-12/13,1038402
2013-12/20,1033671
2013-12/27,1026664
2014-01/03,1022706
2014-01/10,1015048
2014-01/17,1016038
2014-01/24,1022459
2014-01/31,1022899
2014-02/07,1025952
2014-02/14,1026925
2014-02/21,1026993
2014-02/28,1028422
2014-03/07,1034302
2014-03/14,1040152
2014-03/21,1046771
2014-03/28,1044392
2014-04/04,1048070
2014-04/11,1057460
2014-04/18,1060446
2014-04/25,1061189
2014-05/02,1058868
2014-05/09,1058471
2014-05/16,1050696
2014-05/23,1052353
2014-05/30,1048922
2014-06/06,1046192
2014-06/13,1045614
2014-06/20,1047356
2014-06/27,1044201
2014-07/04,1041794
2014-07/11,1034269
2014-07/18,1030300
2014-07/25,1026603
2014-08/01,1025139
2014-08/08,1026540
2014-08/15,1022066
2014-08/22,1019996
2014-08/29,1019091
2014-09/05,1018400
2014-09/12,1022073
2014-09/19,1017800
2014-09/26,1016435
2014-10/03,1021349
2014-10/10,1030271
2014-10/17,1037382
2014-10/24,1039442
2014-10/31,1039902
2014-11/07,1037116
2014-11/14,1039724
2014-11/21,1041670
2014-11/28,1037980
2014-12/05,1039276
2014-12/12,1038429
2014-12/19,1045696
2014-12/26,1043942
2015-01/02,1039767
2015-01/09,1045154
2015-01/16,1055224
2015-01/23,1064097
2015-01/30,1070430
2015-02/06,1074756
2015-02/13,1082471
2015-02/20,1090898
2015-02/27,1101201
2015-03/06,1106378
2015-03/13,1116000
2015-03/20,1124169
2015-03/27,1128935
2015-04/03,1140614
2015-04/10,1141906
2015-04/17,1147221
2015-04/24,1149129
2015-05/01,1145027
2015-05/08,1142835
2015-05/15,1140474
2015-05/22,1138259
2015-05/29,1136810
2015-06/05,1130792
2015-06/12,1128715
2015-06/19,1124131
2015-06/26,1126915
2015-07/03,1127937
2015-07/10,1123990
2015-07/17,1126971
2015-07/24,1122767
2015-07/31,1118360
2015-08/07,1116956
2015-08/14,1119575
2015-08/21,1114123
2015-08/28,1118790
2015-09/04,1121192
2015-09/11,1119088
2015-09/18,1117163
2015-09/25,1121116
2015-10/02,1124156
2015-10/09,1131718
2015-10/16,1139745
2015-10/23,1143121
2015-10/30,1145968
2015-11/06,1149948
2015-11/13,1150200
2015-11/20,1151160
2015-11/27,1152337
2015-12/04,1148676
2015-12/11,1153477
2015-12/18,1147600
2015-12/25,1150226
2016-01/01,1146076
2016-01/08,1146309
2016-01/15,1150287
2016-01/22,1158670
2016-01/29,1166461
2016-02/05,1165792
2016-02/12,1167939
2016-02/19,1171440
2016-02/26,1181814
2016-03/04,1185955
2016-03/11,1187274
2016-03/18,1196631
2016-03/25,1198928
2016-04/01,1193710
2016-04/08,1200344
2016-04/15,1202424
2016-04/22,1204422
2016-04/29,1207203
2016-05/06,1203594
2016-05/13,1204904
2016-05/20,1200677
2016-05/27,1199311
2016-06/03,1196948
2016-06/10,1196015
2016-06/17,1195098
2016-06/24,1191045
2016-07/01,1188820
2016-07/08,1186272
2016-07/15,1183929
2016-07/22,1185600
2016-07/29,1187013
2016-08/05,1188065
2016-08/12,1185557
2016-08/19,1188057
2016-08/26,1190332
2016-09/02,1175818
2016-09/09,1175259
2016-09/16,1169058
2016-09/23,1167176
2016-09/30,1164199
2016-10/07,1169048
2016-10/14,1163800
2016-10/21,1163247
2016-10/28,1177666
2016-11/04,1180097
2016-11/11,1185371
2016-11/18,1184115
2016-11/25,1183230
2016-12/02,1180840
2016-12/09,1178277
2016-12/16,1180532
2016-12/23,1181145
2016-12/30,1174094
2017-01/06,1178191
2017-01/13,1180537
2017-01/20,1183377
2017-01/27,1189841
2017-02/03,1203670
2017-02/10,1213197
2017-02/17,1213761
2017-02/24,1215260
2017-03/03,1223218
2017-03/10,1222165
2017-03/17,1226493
2017-03/24,1226636
2017-03/31,1227678
2017-04/07,1224887
2017-04/14,1223654
2017-04/21,1219512
2017-04/28,1217110
2017-05/05,1211312
2017-05/12,1208831
2017-05/19,1204001
2017-05/26,1196594
2017-06/02,1198233
2017-06/09,1196171
2017-06/16,1192937
2017-06/23,1191649
2017-06/30,1184951
2017-07/07,1174237
2017-07/14,1169508
2017-07/21,1162300
2017-07/28,1160772
2017-08/04,1154320
2017-08/11,1145375
2017-08/18,1142048
2017-08/25,1136653
2017-09/01,1140953
2017-09/08,1145248
2017-09/15,1148229
2017-09/22,1145587
2017-09/29,1138612
2017-10/06,1134665
2017-10/13,1128176
2017-10/20,1128718
2017-10/27,1125493
2017-11/03,1127049
2017-11/10,1128197
2017-11/17,1124617
2017-11/24,1118824
2017-12/01,1110766
2017-12/08,1105897
2017-12/15,1099785
2017-12/22,1095274
2017-12/29,1088211
2018-01/05,1083262
2018-01/12,1076872
2018-01/19,1076037
2018-01/26,1083045
2018-02/02,1085402
2018-02/09,1087663
2018-02/16,1085351
2018-02/23,1088779
2018-03/02,1091364
2018-03/09,1096386
2018-03/16,1093764
2018-03/23,1095407
2018-03/30,1090788
2018-04/06,1094094
2018-04/13,1093023
2018-04/20,1094455
2018-04/27,1100221
2018-05/04,1097315
2018-05/11,1094391
2018-05/18,1099468
2018-05/25,1095289
2018-06/01,1096752
2018-06/08,1092609
2018-06/15,1086543
2018-06/22,1076652
2018-06/29,1077897
2018-07/06,1065263
2018-07/13,1071098
2018-07/20,1064951
2018-07/27,1068754
2018-08/03,1067402
2018-08/10,1074207
2018-08/17,1068370
2018-08/24,1065804
2018-08/31,1061502
2018-09/07,1056205
2018-09/14,1054147
2018-09/21,1055999
2018-09/28,1063974
2018-10/05,1068655
2018-10/12,1074075
2018-10/19,1079263
2018-10/26,1080939
2018-11/02,1086487
2018-11/09,1095386
2018-11/16,1099477
2018-11/23,1101049
2018-11/30,1092723
2018-12/07,1091517
2018-12/14,1090594
2018-12/21,1090550
2018-12/28,1090557
2019-01/04,1088877
2019-01/11,1086194
2019-01/18,1094164
2019-01/25,1095083
2019-02/01,1096346
2019-02/08,1099979
2019-02/15,1103651
2019-02/22,1095004
2019-03/01,1102060
2019-03/08,1098198
2019-03/15,1088609
2019-03/22,1091409
2019-03/29,1098647
2019-04/05,1105676
2019-04/12,1104280
2019-04/19,1109759
2019-04/26,1119154
2019-05/03,1114321
2019-05/10,1117988
2019-05/17,1121593
2019-05/24,1121311
2019-05/31,1128082
2019-06/07,1130288
2019-06/14,1127182
2019-06/21,1114394
2019-06/28,1113309
2019-07/05,1103810
2019-07/12,1100694
2019-07/19,1089859
2019-07/26,1081363
2019-08/02,1083748
2019-08/09,1085328
2019-08/16,1082596
2019-08/23,1072569
2019-08/30,1067798
2019-09/06,1060886
2019-09/13,1061944
2019-09/20,1064356
2019-09/27,1067460
2019-10/04,1070187
2019-10/11,1078199
2019-10/18,1075501
2019-10/25,1080505
2019-11/01,1087734
2019-11/08,1088510
2019-11/15,1087917
2019-11/22,1088122
2019-11/29,1082262
2019-12/06,1082886
2019-12/13,1081800
2019-12/20,1076326
2019-12/27,1064863
2020-01/03,1066027
2020-01/10,1063478
2020-01/17,1063073
2020-01/24,1066621
2020-01/31,1069976
2020-02/07,1077435
2020-02/14,1077850
2020-02/21,1078302
2020-02/28,1079086
2020-03/06,1086750
2020-03/13,1088704
2020-03/20,1090327
2020-03/27,1104160
2020-04/03,1119337
2020-04/10,1138585
2020-04/17,1153607
2020-04/24,1163748
2020-05/01,1170054
2020-05/08,1171242
2020-05/15,1168142
2020-05/22,1178181
2020-05/29,1180124
2020-06/05,1188064
2020-06/12,1191010
2020-06/19,1194443
2020-06/26,1188940
2020-07/03,1195204
2020-07/10,1187837
2020-07/17,1192727
2020-07/24,1182116
2020-07/31,1174737
2020-08/07,1167983
2020-08/14,1163680
2020-08/21,1157228
2020-08/28,1146566
2020-09/04,1148294
2020-09/11,1141778
2020-09/18,1139358
2020-09/25,1135577
2020-10/02,1134933
2020-10/09,1129956
2020-10/16,1128188
2020-10/23,1131850
2020-10/30,1123699
2020-11/06,1127412
2020-11/13,1127776
2020-11/20,1126911
2020-11/27,1126232
2020-12/04,1141316
2020-12/11,1138182
2020-12/18,1137619
2020-12/25,1131554
2021-01/01,1123544
2021-01/08,1120296
2021-01/15,1124648
2021-01/22,1114739
2021-01/29,1113745
2021-02/05,1106935
2021-02/12,1099530
2021-02/19,1100815
2021-02/26,1122378
2021-03/05,1136176
2021-03/12,1138572
2021-03/19,1140484
2021-03/26,1139608
2021-04/02,1136086
2021-04/09,1129090
2021-04/16,1128941
2021-04/23,1127582
2021-04/30,1118544
2021-05/07,1116719
2021-05/14,1116138
2021-05/21,1112830
2021-05/28,1107103
2021-06/04,1100513
2021-06/11,1092267
2021-06/18,1082948
2021-06/25,1074829
2021-07/02,1066780
2021-07/09,1058884
2021-07/16,1060991
2021-07/23,1056902
2021-07/30,1060529
2021-08/06,1060081
2021-08/13,1056846
2021-08/20,1053866
2021-08/27,1046697
2021-09/03,1045169
2021-09/10,1038218
2021-09/17,1033533
2021-09/24,1037231
2021-10/01,1038657
2021-10/08,1043945
2021-10/15,1041820
2021-10/22,1044998
2021-10/29,1046643
2021-11/05,1044500
2021-11/12,1039150
2021-11/19,1038525
2021-11/26,1035667
2021-12/03,1033737
2021-12/10,1027203
2021-12/17,1019952
2021-12/24,1015023
2021-12/31,1011533
2022-01/07,1006680
2022-01/14,1005847
2022-01/21,1006972
2022-01/28,1004055
2022-02/04,997902
2022-02/11,996336
2022-02/18,998406
2022-02/25,993445
2022-03/04,989058
2022-03/11,991420
2022-03/18,984722
2022-03/25,978272
2022-04/01,976951
2022-04/08,982434
2022-04/15,969713
2022-04/22,967494
2022-04/29,965712
2022-05/06,967208
2022-05/13,958804
2022-05/20,951814
2022-05/27,941325
2022-06/03,936081
2022-06/10,930326
2022-06/17,923146
2022-06/24,913434
2022-07/01,915828
2022-07/08,912201
2022-07/15,906758
2022-07/22,896631
2022-07/29,896408
2022-08/05,896568
2022-08/12,886110
2022-08/19,874737
2022-08/26,868344
2022-09/02,869662
2022-09/09,863690
2022-09/16,857932
2022-09/23,853142
2022-09/30,845592
2022-10/07,847781
2022-10/14,842492
2022-10/21,841663
2022-10/28,836622
2022-11/04,836974
2022-11/11,827474
2022-11/18,822183
2022-11/25,808200
2022-12/02,800917
2022-12/09,806400
2022-12/16,796858
2022-12/23,794080
2022-12/30,793026
2023-01/06,811187
2023-01/13,819594
2023-01/20,820127
2023-01/27,824267
2023-02/03,826690
2023-02/10,842973
2023-02/17,850620
2023-02/24,851786
2023-03/03,850092
2023-03/10,851642
2023-03/17,852759
2023-03/24,845270
2023-03/31,841127
2023-04/07,840124
2023-04/14,833931
2023-04/21,827856
2023-04/28,824571
2023-05/05,824598
2023-05/12,827210
2023-05/19,813122
2023-05/26,815093
2023-06/02,812774
2023-06/09,818811
2023-06/16,813261
2023-06/23,802307
2023-06/30,799341
2023-07/07,804886
2023-07/14,804179
2023-07/21,803579
2023-07/28,786530
2023-08/04,793376
2023-08/11,788016
2023-08/18,782476
2023-08/25,772486
2023-09/01,766977
2023-09/08,771222
2023-09/15,769686
2023-09/22,767267
2023-09/29,765343
2023-10/06,775513
2023-10/13,771022
2023-10/20,772394
2023-10/27,773167
2023-11/03,787036
2023-11/10,790628
2023-11/17,799328
2023-11/24,801251
2023-12/01,796948
2023-12/08,792684
2023-12/15,796222
2023-12/22,789901
2023-12/29,785453
2024-01/05,787397
2024-01/12,785501
2024-01/19,777188
2024-01/26,779314
2024-02/02,785449
2024-02/09,798213
2024-02/16,802475
2024-02/23,807417
2024-03/01,809490
2024-03/08,808550
2024-03/15,807348
2024-03/22,811257
2024-03/29,815058
2024-04/05,821494
2024-04/12,824877
2024-04/19,819302
2024-04/26,827161
2024-05/03,826746
2024-05/10,824831
2024-05/17,827649
2024-05/24,823978
2024-05/31,826109
2024-06/07,830178
2024-06/14,828017
2024-06/21,832893
2024-06/28,821134
2024-07/05,818168
2024-07/12,813948
2024-07/19,810897
2024-07/26,808146
2024-08/02,805154
2024-08/09,807205
2024-08/16,803192
2024-08/23,803091
2024-08/30,797982
2024-09/06,799094
2024-09/13,798119
2024-09/20,794935
2024-09/27,799484
2024-10/04,805671
2024-10/11,804432
2024-10/18,810666
2024-10/25,811340
2024-11/01,814881
2024-11/08,817537
2024-11/15,819482
2024-11/22,818810
2024-11/29,815182
2024-12/06,814481
2024-12/13,814066
2024-12/20,810089
2024-12/27,809171
2025-01/03,808459
2025-01/10,806997
2025-01/17,806229
2025-01/24,809940
2025-01/31,818854
2025-02/07,823173
2025-02/14,827806
2025-02/21,825474
2025-02/28,829088
2025-03/07,830811
2025-03/14,832831
2025-03/21,829776
2025-03/28,836226
2025-04/04,839055
2025-04/11,839869
2025-04/18,840581
2025-04/25,838950
2025-05/02,837498
2025-05/09,841480
2025-05/16,843651
2025-05/23,841676
2025-05/30,837881
2025-06/06,834474
2025-06/13,823231
2025-06/20,817632
2025-06/27,821716
2025-07/04,829024
2025-07/11,824865
2025-07/18,821496
2025-07/25,829432
2025-08/01,826638
2025-08/08,829900
2025-08/15,824109
2025-08/22,822493
2025-08/29,825417
2025-09/05,829870
2025-09/12,821089
2025-09/19,820712
2025-09/26,823246
2025-10/03,827246
2025-10/10,831530
2025-10/17,831388
2025-10/24,825063
2025-10/31,830763
2025-11/07,837974
2025-11/14,835081
2025-11/21,838353
2025-11/28,839177
2025-12/05,837613
2025-12/12,836588
2025-12/19,837793
2025-12/26,836107
2026-01/02,832520
2026-01/09,836125
2026-01/16,840533
2026-01/23,838753
2026-01/30,835512
2026-02/06,844041
2026-02/13,835256
2026-02/20,851245
2026-02/27,854720
2026-03/06,858545
2026-03/13,864701
2026-03/20,871627
2026-03/27,876700
2026-04/03,878042
2026-04/10,872985
2026-04/17,870774
2026-04/24,857419
2026-05/01,849882
2026-05/08,836971
2026-05/15,819188
2026-05/22,806798
2026-05/29,790831
2026-06/05,775677
2026-06/12,758473
2026-06/19,743325
2026-06/26,734014
2026-07/03,730846
2026-07/10,726169
2026-07/17,723122
2026-07/24,712158
2026-07/31,711796
